iucn_sid,sciname,old_cat,iucn_rgn,cat_score,cat_current
224,Acipenser naccarii,CR,europe,0.8,CR
225,Acipenser nudiventris,CR,europe,0.8,CR
229,Acipenser stellatus,CR,europe,0.8,CR
230,Acipenser sturio,CR,europe,0.8,CR
232,Acipenser gueldenstaedtii,CR,europe,0.8,CR
235,Acipenser persicus,CR,europe,0.8,CR
907,Alosa immaculata,VU,europe,0.4,VU
2352,Atherina boyeri,LC,mediterranean,0,LC
2352,Atherina boyeri,LC,europe,0,LC
2467,Balaena mysticetus,"NA",europe,NA,NA
2474,Balaenoptera acutorostrata,LC,europe,0,LC
2475,Balaenoptera borealis,EN,europe,0.6,EN
2477,Balaenoptera musculus,EN,europe,0.6,EN
2478,Balaenoptera physalus,VU,mediterranean,0.4,VU
2478,Balaenoptera physalus,NT,europe,0.2,NT
2539,Balistes vetula,DD,europe,NA,DD
3851,Carcharhinus limbatus,DD,mediterranean,NA,DD
3851,Carcharhinus limbatus,DD,europe,NA,DD
3852,Carcharhinus obscurus,DD,mediterranean,NA,DD
3852,Carcharhinus obscurus,DD,europe,NA,DD
3853,Carcharhinus plumbeus,EN,mediterranean,0.6,EN
3853,Carcharhinus plumbeus,EN,europe,0.6,EN
3854,Carcharias taurus,CR,mediterranean,0.8,CR
3854,Carcharias taurus,CR,europe,0.8,CR
3855,Carcharodon carcharias,CR,mediterranean,0.8,CR
3855,Carcharodon carcharias,CR,europe,0.8,CR
4292,Cetorhinus maximus,EN,mediterranean,0.6,EN
4292,Cetorhinus maximus,EN,europe,0.6,EN
5675,Croilia mossambica,LC,pan-africa,0,LC
5675,Croilia mossambica,LC,southern_africa,0,LC
6204,Cystophora cristata,"NA",europe,NA,NA
6229,Dalatias licha,VU,mediterranean,0.4,VU
6229,Dalatias licha,EN,europe,0.6,EN
6335,Delphinapterus leucas,"NA",europe,NA,NA
6336,Delphinus delphis,EN,mediterranean,0.6,EN
6336,Delphinus delphis,DD,europe,NA,DD
7135,Eleotris melanosoma,LC,eastern_africa,0,LC
7135,Eleotris melanosoma,LC,pan-africa,0,LC
7135,Eleotris melanosoma,LC,southern_africa,0,LC
7859,Epinephelus marginatus,EN,mediterranean,0.6,EN
7859,Epinephelus marginatus,EN,europe,0.6,EN
8010,Erignathus barbatus,"NA",europe,NA,NA
8097,Eschrichtius robustus,RE,europe,NA,NA
8262,Eunicella verrucosa,NT,mediterranean,0.2,NT
8784,Gadus morhua,LC,europe,0,LC
8951,Gasterosteus aculeatus,LC,europe,0,LC
9250,Globicephala melas,DD,mediterranean,NA,DD
9250,Globicephala melas,DD,europe,NA,DD
9266,Psammogobius biocellatus,LC,eastern_africa,0,LC
9266,Psammogobius biocellatus,LC,pan-africa,0,LC
9461,Grampus griseus,DD,mediterranean,NA,DD
9461,Grampus griseus,DD,europe,NA,DD
9660,Halichoerus grypus,LC,europe,0,LC
10030,Hexanchus griseus,LC,mediterranean,0,LC
10030,Hexanchus griseus,LC,europe,0,LC
10066,Hippocampus erectus,"NA",europe,NA,NA
10069,Hippocampus hippocampus,NT,mediterranean,0.2,NT
10069,Hippocampus hippocampus,DD,europe,NA,DD
10097,Hippoglossus hippoglossus,VU,europe,0.4,VU
10269,Huso huso,CR,europe,0.8,CR
10707,Hyperoodon ampullatus,DD,europe,NA,DD
11030,Knipowitschia caucasica,LC,mediterranean,0,LC
11030,Knipowitschia caucasica,LC,europe,0,LC
11047,Kogia breviceps,"NA",europe,NA,NA
11048,Kogia sima,"NA",europe,NA,NA
11140,Lagenodelphis hosei,"NA",europe,NA,NA
11141,Lagenorhynchus acutus,LC,europe,0,LC
11142,Lagenorhynchus albirostris,LC,europe,0,LC
11200,Lamna nasus,CR,mediterranean,0.8,CR
11200,Lamna nasus,CR,europe,0.8,CR
12419,Lutra lutra,NT,mediterranean,0.2,NT
12419,Lutra lutra,NT,europe,0.2,NT
13006,Megaptera novaeangliae,LC,europe,0,LC
13045,Melanogrammus aeglefinus,LC,europe,0,LC
13232,Mesogobius batrachocephalus,LC,mediterranean,0,LC
13232,Mesogobius batrachocephalus,LC,europe,0,LC
13241,Mesoplodon bidens,DD,europe,NA,DD
13244,Mesoplodon densirostris,DD,europe,NA,DD
13245,Mesoplodon europaeus,DD,europe,NA,DD
13250,Mesoplodon mirus,DD,europe,NA,DD
13653,Monachus monachus,CR,mediterranean,0.8,CR
13653,Monachus monachus,CR,europe,0.8,CR
13704,Monodon monoceros,"NA",europe,NA,NA
14054,Mycteroperca rubra,LC,mediterranean,0,LC
14054,Mycteroperca rubra,LC,europe,0,LC
14264,Myxus capensis,LC,pan-africa,0,LC
14264,Myxus capensis,LC,southern_africa,0,LC
15106,Odobenus rosmarus,"NA",europe,NA,NA
15421,Orcinus orca,DD,europe,NA,DD
15873,Pagrus pagrus,LC,mediterranean,0,LC
15873,Pagrus pagrus,LC,europe,0,LC
16012,Favonigobius reichei,LC,eastern_africa,0,LC
16564,Peponocephala electra,"NA",europe,NA,NA
16781,Petromyzon marinus,LC,europe,0,LC
17013,Phoca vitulina,LC,europe,0,LC
17027,Phocoena phocoena,VU,europe,0.4,VU
18175,Pristis pectinata,"NA",central_africa,NA,NA
18175,Pristis pectinata,CR,mediterranean,0.8,CR
18175,Pristis pectinata,CR,europe,0.8,CR
18376,Proterorhinus marmoratus,LC,europe,0,LC
18596,Pseudorca crassidens,"NA",europe,NA,NA
18878,Pungitius pungitius,LC,europe,0,LC
19387,Redigobius dewaali,LC,pan-africa,0,LC
19855,Salmo salar,VU,europe,0.4,VU
20731,Stenella coeruleoalba,VU,mediterranean,0.4,VU
20731,Stenella coeruleoalba,DD,europe,NA,DD
20738,Steno bredanensis,"NA",europe,NA,NA
21257,Syngnathus abaster,LC,mediterranean,0,LC
21257,Syngnathus abaster,LC,europe,0,LC
21856,Thunnus alalunga,LC,mediterranean,0,LC
21856,Thunnus alalunga,LC,europe,0,LC
21860,Thunnus thynnus,EN,mediterranean,0.6,EN
21860,Thunnus thynnus,NT,europe,0.2,NT
22563,Tursiops truncatus,VU,mediterranean,0.4,VU
22563,Tursiops truncatus,DD,europe,NA,DD
22823,Ursus maritimus,VU,europe,0.4,VU
23148,Xiphias gladius,NT,mediterranean,0.2,NT
23148,Xiphias gladius,LC,europe,0,LC
23211,Ziphius cavirostris,DD,mediterranean,NA,DD
23211,Ziphius cavirostris,DD,europe,NA,DD
23259,Gobius ophiocephalus,LC,mediterranean,0,LC
23259,Gobius ophiocephalus,LC,europe,0,LC
39332,Squatina squatina,CR,mediterranean,0.8,CR
39332,Squatina squatina,CR,europe,0.8,CR
39336,Odontaspis noronhai,DD,europe,NA,DD
39339,Alopias vulpinus,EN,mediterranean,0.6,EN
39339,Alopias vulpinus,EN,europe,0.6,EN
39341,Isurus oxyrinchus,CR,mediterranean,0.8,CR
39341,Isurus oxyrinchus,DD,europe,NA,DD
39352,Galeorhinus galeus,VU,mediterranean,0.4,VU
39352,Galeorhinus galeus,VU,europe,0.4,VU
39357,Mustelus asterias,VU,mediterranean,0.4,VU
39357,Mustelus asterias,NT,europe,0.2,NT
39358,Mustelus mustelus,VU,mediterranean,0.4,VU
39358,Mustelus mustelus,VU,europe,0.4,VU
39370,Carcharhinus falciformis,DD,europe,NA,DD
39374,Carcharhinus longimanus,EN,europe,0.6,EN
39378,Galeocerdo cuvier,DD,europe,NA,DD
39381,Prionace glauca,CR,mediterranean,0.8,CR
39381,Prionace glauca,NT,europe,0.2,NT
39385,Sphyrna lewini,DD,europe,NA,DD
39386,Sphyrna mokarran,DD,europe,NA,DD
39388,Sphyrna zygaena,CR,mediterranean,0.8,CR
39388,Sphyrna zygaena,DD,europe,NA,DD
39397,Dipturus batis,CR,mediterranean,0.8,CR
39397,Dipturus batis,CR,europe,0.8,CR
39399,Raja clavata,NT,mediterranean,0.2,NT
39399,Raja clavata,NT,europe,0.2,NT
39400,Raja microocellata,NT,europe,0.2,NT
40710,Percarina demidoffii,NT,europe,0.2,NT
41006,Hippocampus guttulatus,NT,mediterranean,0.2,NT
41006,Hippocampus guttulatus,DD,europe,NA,DD
41671,Pagophilus groenlandicus,"NA",europe,NA,NA
41672,Pusa hispida,LC,europe,0,LC
41712,Eubalaena glacialis,CR,europe,0.8,CR
41741,Carcharhinus brachyurus,DD,mediterranean,NA,DD
41741,Carcharhinus brachyurus,DD,europe,NA,DD
41745,Centrophorus uyato,VU,europe,0.4,VU
41747,Centroscymnus coelolepis,LC,mediterranean,0,LC
41747,Centroscymnus coelolepis,EN,europe,0.6,EN
41755,Physeter macrocephalus,EN,mediterranean,0.6,EN
41755,Physeter macrocephalus,VU,europe,0.4,VU
41762,Delphinus delphis,EN,mediterranean,0.6,EN
41794,Chlamydoselachus anguineus,LC,europe,0,LC
41798,Deania calcea,EN,europe,0.6,EN
41801,Echinorhinus brucus,EN,mediterranean,0.6,EN
41801,Echinorhinus brucus,EN,europe,0.6,EN
41823,Heptranchias perlo,DD,mediterranean,NA,DD
41823,Heptranchias perlo,DD,europe,NA,DD
41830,Isistius brasiliensis,"NA",europe,NA,NA
41859,Squalus megalops,DD,mediterranean,NA,DD
41859,Squalus megalops,DD,europe,NA,DD
41871,Centrophorus squamosus,EN,europe,0.6,EN
41876,Odontaspis ferox,CR,mediterranean,0.8,CR
41876,Odontaspis ferox,CR,europe,0.8,CR
42700,Apristurus melanoasper,LC,europe,0,LC
43972,Polyprion americanus,DD,mediterranean,NA,DD
43972,Polyprion americanus,NT,europe,0.2,NT
44207,Apristurus aphyodes,LC,europe,0,LC
44216,Apristurus laurussonii,LC,europe,0,LC
44565,Mitsukurina owstoni,LC,europe,0,LC
44566,Pseudotriakis microdon,DD,europe,NA,DD
44599,Apristurus manis,LC,europe,0,LC
44657,Apristurus microps,LC,europe,0,LC
46864,Centroselachus crepidater,LC,europe,0,LC
60127,Aetomylaeus bovinus,CR,mediterranean,0.8,CR
60127,Aetomylaeus bovinus,CR,europe,0.8,CR
60139,Harriotta haeckeli,LC,europe,0,LC
60140,Harriotta raleighana,LC,europe,0,LC
60145,Rhinochimaera atlantica,LC,europe,0,LC
60212,Isistius plutodus,LC,europe,0,LC
60213,Somniosus microcephalus,NT,europe,0.2,NT
60214,Squaliolus laticaudus,LC,europe,0,LC
60215,Zameus squamulosus,DD,europe,NA,DD
60225,Isurus paucus,DD,mediterranean,NA,DD
60225,Isurus paucus,DD,europe,NA,DD
60242,Etmopterus princeps,LC,europe,0,LC
60344,Anguilla anguilla,EN,northern_africa,0.6,EN
60344,Anguilla anguilla,CR,europe,0.8,CR
60447,Marcusenius livingstonii,LC,pan-africa,0,LC
60447,Marcusenius livingstonii,LC,southern_africa,0,LC
61213,Oligolepis acutipennis,LC,pan-africa,0,LC
61405,Leucoraja melitensis,CR,mediterranean,0.8,CR
61405,Leucoraja melitensis,CR,europe,0.8,CR
61408,Rostroraja alba,EN,mediterranean,0.6,EN
61408,Rostroraja alba,CR,europe,0.8,CR
61417,Squatina aculeata,CR,mediterranean,0.8,CR
61417,Squatina aculeata,CR,europe,0.8,CR
61418,Squatina oculata,CR,mediterranean,0.8,CR
61418,Squatina oculata,CR,europe,0.8,CR
62256,Trionyx triunguis,"NA",europe,NA,NA
63100,Dipturus oxyrinchus,NT,mediterranean,0.2,NT
63100,Dipturus oxyrinchus,NT,europe,0.2,NT
63103,Hydrolagus pallidus,LC,europe,0,LC
63104,Hydrolagus mirabilis,LC,europe,0,LC
63114,Chimaera monstrosa,NT,mediterranean,0.2,NT
63114,Chimaera monstrosa,NT,europe,0.2,NT
63115,Bathyraja pallida,LC,europe,0,LC
63119,Amblyraja hyperborea,LC,europe,0,LC
63120,Raja asterias,NT,mediterranean,0.2,NT
63120,Raja asterias,NT,europe,0.2,NT
63123,Hydrolagus affinis,LC,europe,0,LC
63125,Malacoraja kreffti,LC,europe,0,LC
63126,Malacoraja spinacidermis,LC,europe,0,LC
63127,Bathyraja richardsoni,LC,europe,0,LC
63131,Rhinobatos rhinobatos,EN,mediterranean,0.6,EN
63131,Rhinobatos rhinobatos,EN,europe,0.6,EN
63141,Oxynotus centrina,CR,mediterranean,0.8,CR
63141,Oxynotus centrina,VU,europe,0.4,VU
63146,Raja montagui,LC,mediterranean,0,LC
63146,Raja montagui,LC,europe,0,LC
63149,Galeus atlanticus,NT,mediterranean,0.2,NT
63149,Galeus atlanticus,NT,europe,0.2,NT
63152,Bathytoshia centroura,VU,mediterranean,0.4,VU
63152,Bathytoshia centroura,VU,europe,0.4,VU
63153,Gymnura altavela,CR,mediterranean,0.8,CR
63153,Gymnura altavela,CR,europe,0.8,CR
63442,Eussoia leptodonta,DD,pan-africa,NA,DD
63442,Eussoia leptodonta,DD,southern_africa,NA,DD
64409,Mycteroperca fusca,VU,europe,0.4,VU
132722,Epinephelus aeneus,NT,mediterranean,0.2,NT
132722,Epinephelus aeneus,DD,europe,NA,DD
132762,Epinephelus costae,DD,mediterranean,NA,DD
132762,Epinephelus costae,DD,europe,NA,DD
132796,Epinephelus caninus,DD,mediterranean,NA,DD
132796,Epinephelus caninus,LC,europe,0,LC
132828,Hyporthodus haifensis,DD,mediterranean,NA,DD
132828,Hyporthodus haifensis,DD,europe,NA,DD
133085,Balanophyllia europaea,LC,mediterranean,0,LC
133135,Madracis pharensis,DD,mediterranean,NA,DD
133142,Cladocora caespitosa,EN,mediterranean,0.6,EN
133511,Oculina patagonica,LC,mediterranean,0,LC
135509,Knipowitschia longecaudata,LC,europe,0,LC
135525,Pomatoschistus microps,CR,mediterranean,0.8,CR
135525,Pomatoschistus microps,LC,europe,0,LC
135526,Benthophilus magistri,LC,europe,0,LC
135548,Alosa caspia,LC,europe,0,LC
135567,Mugil cephalus,LC,eastern_africa,0,LC
135567,Mugil cephalus,LC,western_africa,0,LC
135567,Mugil cephalus,LC,mediterranean,0,LC
135567,Mugil cephalus,LC,europe,0,LC
135574,Liopsetta glacialis,LC,europe,0,LC
135579,Chelon auratus,LC,mediterranean,0,LC
135579,Chelon auratus,LC,europe,0,LC
135606,Dicentrarchus labrax,NT,mediterranean,0.2,NT
135606,Dicentrarchus labrax,LC,europe,0,LC
135608,Knipowitschia bergi,LC,europe,0,LC
135612,Coregonus widegreni,DD,europe,NA,DD
135622,Caspiosoma caspium,LC,europe,0,LC
135644,Alosa algeriensis,DD,europe,NA,DD
135654,Benthophilus mahmudbejovi,LC,europe,0,LC
135656,Benthophilus macrocephalus,LC,europe,0,LC
135681,Chelon saliens,LC,mediterranean,0,LC
135681,Chelon saliens,LC,europe,0,LC
135682,Benthophilus granulosus,LC,europe,0,LC
135689,Chelon labrosus,"NA",western_africa,NA,NA
135689,Chelon labrosus,LC,mediterranean,0,LC
135689,Chelon labrosus,LC,europe,0,LC
135690,Pleuronectes platessa,NT,mediterranean,0.2,NT
135690,Pleuronectes platessa,LC,europe,0,LC
135707,Clupeonella caspia,LC,europe,0,LC
135714,Chelon ramada,LC,mediterranean,0,LC
135714,Chelon ramada,LC,europe,0,LC
135717,Platichthys flesus,NT,mediterranean,0.2,NT
135717,Platichthys flesus,LC,europe,0,LC
135719,Lethenteron camtschaticum,LC,europe,0,LC
153534,Posidonia oceanica,LC,mediterranean,0,LC
153535,Cymodocea nodosa,LC,mediterranean,0,LC
153538,Zostera marina,LC,mediterranean,0,LC
154613,Synaphobranchus affinis,"NA",europe,NA,NA
154644,Liparis liparis,LC,europe,0,LC
154647,Coelorinchus occa,DD,mediterranean,NA,DD
154668,Linophryne lucifer,LC,europe,0,LC
154687,Arnoglossus imperialis,LC,mediterranean,0,LC
154687,Arnoglossus imperialis,LC,europe,0,LC
154708,Diplodus cervinus,DD,mediterranean,NA,DD
154708,Diplodus cervinus,LC,europe,0,LC
154712,Coryphaena hippurus,LC,mediterranean,0,LC
154712,Coryphaena hippurus,LC,europe,0,LC
154729,Diaphus rafinesquii,LC,mediterranean,0,LC
154729,Diaphus rafinesquii,LC,europe,0,LC
154753,Hypleurochilus bananensis,DD,mediterranean,NA,DD
154753,Hypleurochilus bananensis,LC,europe,0,LC
154798,Thalassobathia pelagica,DD,europe,NA,DD
154801,Talismania mekistonema,DD,europe,NA,DD
154807,Caranx crysos,LC,mediterranean,0,LC
154807,Caranx crysos,LC,europe,0,LC
154816,Sebastes mentella,EN,europe,0.6,EN
154820,Alepisaurus ferox,DD,mediterranean,NA,DD
154820,Alepisaurus ferox,LC,europe,0,LC
154838,Lepidion eques,LC,europe,0,LC
154844,Platybelone argalus,"NA",europe,NA,NA
154855,Hippichthys spicifer,LC,eastern_africa,0,LC
154855,Hippichthys spicifer,LC,pan-africa,0,LC
154880,Gaidropsarus macrophthalmus,LC,europe,0,LC
154916,Chaenophryne longiceps,LC,europe,0,LC
154929,Benthocometes robustus,DD,mediterranean,NA,DD
154929,Benthocometes robustus,LC,europe,0,LC
154972,Parablennius zvonimiri,LC,europe,0,LC
154981,Paraliparis copei,"NA",europe,NA,NA
154995,Diaphus holti,LC,mediterranean,0,LC
154995,Diaphus holti,LC,europe,0,LC
154997,Bregmaceros atlanticus,LC,europe,0,LC
154998,Argyropelecus hemigymnus,LC,mediterranean,0,LC
154998,Argyropelecus hemigymnus,LC,europe,0,LC
155013,Parablennius parvicornis,LC,europe,0,LC
155030,Macroramphosus scolopax,LC,mediterranean,0,LC
155030,Macroramphosus scolopax,LC,europe,0,LC
155044,Buglossidium luteum,LC,mediterranean,0,LC
155044,Buglossidium luteum,LC,europe,0,LC
155068,Remora brachyptera,DD,mediterranean,NA,DD
155068,Remora brachyptera,"NA",europe,NA,NA
155075,Remora albescens,"NA",europe,NA,NA
155081,Hyperoglyphe perciformis,DD,europe,NA,DD
155093,Derichthys serpentinus,LC,europe,0,LC
155096,Sarda sarda,LC,mediterranean,0,LC
155096,Sarda sarda,LC,europe,0,LC
155104,Cheilopogon pinnatibarbatus,LC,europe,0,LC
155106,Kali macrodon,"NA",europe,NA,NA
155123,Clupea harengus,LC,europe,0,LC
155125,Scorpaena azorica,DD,europe,NA,DD
155132,Eustomias monodactylus,"NA",europe,NA,NA
155169,Bathylychnops brachyrhynchus,"NA",europe,NA,NA
155182,Pomadasys incisus,LC,mediterranean,0,LC
155182,Pomadasys incisus,LC,europe,0,LC
155189,Scopeloberyx opisthopterus,"NA",europe,NA,NA
155190,Simenchelys parasitica,LC,europe,0,LC
155201,Ambassis urotaenia,LC,eastern_africa,0,LC
155204,Lycodes paamiuti,LC,europe,0,LC
155213,Synodus saurus,LC,mediterranean,0,LC
155213,Synodus saurus,LC,europe,0,LC
155214,Gobius fallax,DD,mediterranean,NA,DD
155214,Gobius fallax,LC,europe,0,LC
155215,Dicologlossa cuneata,DD,mediterranean,NA,DD
155215,Dicologlossa cuneata,LC,europe,0,LC
155225,Arnoglossus rueppelii,LC,mediterranean,0,LC
155225,Arnoglossus rueppelii,DD,europe,NA,DD
155226,Chromogobius quadrivittatus,LC,europe,0,LC
155227,Serrivomer lanceolatoides,LC,europe,0,LC
155246,Synaphobranchus kaupii,LC,europe,0,LC
155282,Gobius xanthocephalus,DD,mediterranean,NA,DD
155282,Gobius xanthocephalus,LC,europe,0,LC
155318,Serranus atricauda,LC,mediterranean,0,LC
155318,Serranus atricauda,DD,europe,NA,DD
155474,Caspia gmelinii,DD,europe,NA,DD
155535,Paludinella sicana,LC,mediterranean,0,LC
155552,Heleobia maltzani,DD,mediterranean,NA,DD
155552,Heleobia maltzani,DD,europe,NA,DD
155597,Hydrobia vitrea,LC,mediterranean,0,LC
155597,Hydrobia vitrea,LC,europe,0,LC
155610,Heleobia macei,DD,europe,NA,DD
155630,Paludinella globularis,LC,europe,0,LC
155835,Hydrobia acuta,LC,europe,0,LC
155843,Heleobia dalmatica,DD,mediterranean,NA,DD
155843,Heleobia dalmatica,DD,europe,NA,DD
155980,Potamopyrgus antipodarum,"NA",mediterranean,NA,NA
155980,Potamopyrgus antipodarum,"NA",europe,NA,NA
156018,Heleobia rausiana,DD,mediterranean,NA,DD
156018,Heleobia rausiana,DD,europe,NA,DD
161328,Torpedo marmorata,LC,mediterranean,0,LC
161328,Torpedo marmorata,LC,europe,0,LC
161339,Raja radula,EN,mediterranean,0.6,EN
161339,Raja radula,EN,europe,0.6,EN
161345,Rajella bathyphila,LC,europe,0,LC
161352,Hexanchus nakamurai,DD,mediterranean,NA,DD
161352,Hexanchus nakamurai,DD,europe,NA,DD
161361,Oxynotus paradoxus,DD,europe,NA,DD
161366,Bathyraja spinicauda,LC,europe,0,LC
161371,Rajella bigelowi,LC,europe,0,LC
161377,Rajella lintea,LC,europe,0,LC
161383,Neoraja iberica,LC,europe,0,LC
161388,Etmopterus spinax,LC,mediterranean,0,LC
161388,Etmopterus spinax,NT,europe,0.2,NT
161397,Torpedo torpedo,LC,mediterranean,0,LC
161397,Torpedo torpedo,LC,europe,0,LC
161398,Galeus melastomus,LC,mediterranean,0,LC
161398,Galeus melastomus,LC,europe,0,LC
161399,Scyliorhinus canicula,LC,mediterranean,0,LC
161399,Scyliorhinus canicula,LC,europe,0,LC
161425,Raja undulata,NT,mediterranean,0.2,NT
161425,Raja undulata,NT,europe,0.2,NT
161432,Somniosus rostratus,DD,mediterranean,NA,DD
161432,Somniosus rostratus,DD,europe,NA,DD
161442,Centrophorus lusitanicus,EN,europe,0.6,EN
161443,Etmopterus pusillus,DD,europe,NA,DD
161453,Dasyatis pastinaca,VU,mediterranean,0.4,VU
161453,Dasyatis pastinaca,VU,europe,0.4,VU
161459,Raja maderensis,VU,europe,0.4,VU
161461,Leucoraja fullonica,CR,mediterranean,0.8,CR
161461,Leucoraja fullonica,VU,europe,0.4,VU
161463,Rhinoptera marginata,DD,mediterranean,NA,DD
161463,Rhinoptera marginata,DD,europe,NA,DD
161464,Leucoraja circularis,CR,mediterranean,0.8,CR
161464,Leucoraja circularis,EN,europe,0.6,EN
161475,Hydrolagus lusitanicus,LC,europe,0,LC
161484,Scyliorhinus stellaris,NT,mediterranean,0.2,NT
161484,Scyliorhinus stellaris,NT,europe,0.2,NT
161485,Mustelus punctulatus,VU,mediterranean,0.4,VU
161485,Mustelus punctulatus,VU,europe,0.4,VU
161491,Amblyraja jenseni,LC,europe,0,LC
161513,Taeniurops grabata,DD,mediterranean,NA,DD
161513,Taeniurops grabata,DD,europe,NA,DD
161521,Centroscyllium fabricii,LC,europe,0,LC
161536,Squalus blainville,DD,mediterranean,NA,DD
161536,Squalus blainville,DD,europe,NA,DD
161542,Amblyraja radiata,LC,europe,0,LC
161549,Deania hystricosa,DD,europe,NA,DD
161551,Deania profundorum,DD,europe,NA,DD
161564,Carcharhinus altimus,DD,mediterranean,NA,DD
161564,Carcharhinus altimus,DD,europe,NA,DD
161569,Myliobatis aquila,VU,mediterranean,0.4,VU
161569,Myliobatis aquila,VU,europe,0.4,VU
161580,Tetronarce nobiliana,LC,mediterranean,0,LC
161580,Tetronarce nobiliana,LC,europe,0,LC
161583,Scymnodalatias garricki,DD,europe,NA,DD
161587,Rajella fyllae,LC,europe,0,LC
161622,Rajella kukujevi,LC,europe,0,LC
161626,Leucoraja naevus,NT,mediterranean,0.2,NT
161626,Leucoraja naevus,LC,europe,0,LC
161666,Neoraja caerulea,LC,europe,0,LC
161673,Raja polystigma,LC,mediterranean,0,LC
161673,Raja polystigma,LC,europe,0,LC
161691,Raja brachyura,NT,mediterranean,0.2,NT
161691,Raja brachyura,NT,europe,0.2,NT
161696,Alopias superciliosus,EN,mediterranean,0.6,EN
161696,Alopias superciliosus,EN,europe,0.6,EN
161705,Galeus murinus,LC,europe,0,LC
161717,Scymnodon ringens,LC,europe,0,LC
161729,Dipturus nidarosiensis,NT,europe,0.2,NT
161731,Pteroplatytrygon violacea,LC,mediterranean,0,LC
161731,Pteroplatytrygon violacea,LC,europe,0,LC
161748,Dasyatis marmorata,DD,mediterranean,NA,DD
161748,Dasyatis marmorata,DD,europe,NA,DD
164280,Ruppia cirrhosa,LC,pan-africa,0,LC
164280,Ruppia cirrhosa,LC,europe,0,LC
164508,Ruppia maritima,LC,pan-africa,0,LC
164508,Ruppia maritima,LC,mediterranean,0,LC
164508,Ruppia maritima,LC,europe,0,LC
164513,Ambrosia maritima,LC,pan-africa,0,LC
164513,Ambrosia maritima,LC,mediterranean,0,LC
165811,Septaria borbonica,EN,pan-africa,0.6,EN
165811,Septaria borbonica,EN,southern_africa,0.6,EN
166077,Eleotris fusca,LC,eastern_africa,0,LC
166077,Eleotris fusca,LC,pan-africa,0,LC
166077,Eleotris fusca,LC,southern_africa,0,LC
166189,Anguilla marmorata,LC,pan-africa,0,LC
166189,Anguilla marmorata,LC,southern_africa,0,LC
166533,Glossogobius giuris,LC,eastern_africa,0,LC
166533,Glossogobius giuris,LC,pan-africa,0,LC
166533,Glossogobius giuris,LC,southern_africa,0,LC
166552,Pisodonophis boro,LC,eastern_africa,0,LC
166552,Pisodonophis boro,LC,pan-africa,0,LC
166856,Planiliza macrolepis,LC,eastern_africa,0,LC
166856,Planiliza macrolepis,LC,pan-africa,0,LC
166868,Megalops cyprinoides,LC,eastern_africa,0,LC
166868,Megalops cyprinoides,LC,pan-africa,0,LC
166892,Terapon jarbua,LC,eastern_africa,0,LC
166925,Monodactylus argenteus,DD,northern_africa,NA,DD
167997,Pellonula vorax,LC,western_africa,0,LC
167997,Pellonula vorax,LC,central_africa,0,LC
167997,Pellonula vorax,LC,pan-africa,0,LC
167997,Pellonula vorax,LC,southern_africa,0,LC
168000,Enneacampus kaupi,LC,western_africa,0,LC
168000,Enneacampus kaupi,LC,central_africa,0,LC
168000,Enneacampus kaupi,LC,pan-africa,0,LC
169361,Hippichthys heptagonus,LC,eastern_africa,0,LC
169361,Hippichthys heptagonus,LC,southern_africa,0,LC
170155,Diplodus sargus,LC,europe,0,LC
170159,Pagrus caeruleostictus,DD,mediterranean,NA,DD
170159,Pagrus caeruleostictus,LC,europe,0,LC
170160,Lithognathus mormyrus,LC,mediterranean,0,LC
170160,Lithognathus mormyrus,LC,europe,0,LC
170162,Pagellus bellottii,LC,europe,0,LC
170166,Dentex maroccanus,DD,mediterranean,NA,DD
170166,Dentex maroccanus,LC,europe,0,LC
170169,Sarpa salpa,LC,mediterranean,0,LC
170169,Sarpa salpa,LC,europe,0,LC
170186,Dentex gibbosus,DD,mediterranean,NA,DD
170186,Dentex gibbosus,LC,europe,0,LC
170197,Oblada melanura,LC,mediterranean,0,LC
170197,Oblada melanura,LC,europe,0,LC
170220,Pagrus auriga,DD,mediterranean,NA,DD
170220,Pagrus auriga,LC,europe,0,LC
170222,Diplodus bellottii,LC,europe,0,LC
170224,Pagellus erythrinus,LC,mediterranean,0,LC
170224,Pagellus erythrinus,LC,europe,0,LC
170229,Pagellus acarne,LC,mediterranean,0,LC
170229,Pagellus acarne,LC,europe,0,LC
170232,Dentex macrophthalmus,DD,mediterranean,NA,DD
170232,Dentex macrophthalmus,LC,europe,0,LC
170244,Pagellus bogaraveo,LC,mediterranean,0,LC
170244,Pagellus bogaraveo,NT,europe,0.2,NT
170245,Dentex dentex,VU,mediterranean,0.4,VU
170245,Dentex dentex,VU,europe,0.4,VU
170251,Boops boops,LC,mediterranean,0,LC
170251,Boops boops,LC,europe,0,LC
170253,Sparus aurata,LC,mediterranean,0,LC
170253,Sparus aurata,LC,europe,0,LC
170258,Spondyliosoma cantharus,LC,mediterranean,0,LC
170258,Spondyliosoma cantharus,LC,europe,0,LC
170260,Diplodus annularis,LC,mediterranean,0,LC
170260,Diplodus annularis,LC,europe,0,LC
170261,Diplodus vulgaris,LC,mediterranean,0,LC
170261,Diplodus vulgaris,LC,europe,0,LC
170262,Diplodus puntazzo,LC,mediterranean,0,LC
170262,Diplodus puntazzo,LC,europe,0,LC
170280,Spicara maena,LC,mediterranean,0,LC
170280,Spicara maena,LC,europe,0,LC
170283,Spicara smaris,LC,mediterranean,0,LC
170283,Spicara smaris,LC,europe,0,LC
170284,Centracanthus cirrus,LC,mediterranean,0,LC
170284,Centracanthus cirrus,LC,europe,0,LC
170310,Katsuwonus pelamis,LC,mediterranean,0,LC
170310,Katsuwonus pelamis,LC,europe,0,LC
170319,Orcynopsis unicolor,LC,mediterranean,0,LC
170319,Orcynopsis unicolor,VU,europe,0.4,VU
170322,Kajikia albida,DD,mediterranean,NA,DD
170326,Scomberomorus tritor,LC,mediterranean,0,LC
170326,Scomberomorus tritor,LC,europe,0,LC
170331,Acanthocybium solandri,LC,mediterranean,0,LC
170331,Acanthocybium solandri,LC,europe,0,LC
170333,Tetrapturus georgii,DD,europe,NA,DD
170334,Tetrapturus belone,LC,mediterranean,0,LC
170334,Tetrapturus belone,LC,europe,0,LC
170344,Auxis thazard,LC,mediterranean,0,LC
170345,Euthynnus alletteratus,LC,mediterranean,0,LC
170345,Euthynnus alletteratus,LC,europe,0,LC
170350,Coryphaena equiselis,DD,mediterranean,NA,DD
170350,Coryphaena equiselis,LC,europe,0,LC
170354,Scomber scombrus,LC,mediterranean,0,LC
170354,Scomber scombrus,LC,europe,0,LC
170355,Auxis rochei,LC,mediterranean,0,LC
170355,Auxis rochei,LC,europe,0,LC
170357,Scomber colias,NT,mediterranean,0.2,NT
170357,Scomber colias,LC,europe,0,LC
170600,Myosotella myosotis,LC,europe,0,LC
170603,Ovatella vulcani,LC,europe,0,LC
170605,Ovatella aequalis,LC,europe,0,LC
172016,Assiminea avilai,DD,europe,NA,DD
173361,Zostera noltii,LC,mediterranean,0,LC
178023,Acanthurus monroviae,"NA",europe,NA,NA
179034,Tripterygion tartessicum,LC,europe,0,LC
181000,Mugilogobius mertoni,LC,pan-africa,0,LC
181000,Mugilogobius mertoni,LC,southern_africa,0,LC
181550,Dalophis boulengeri,DD,northern_africa,NA,DD
181550,Dalophis boulengeri,LC,central_africa,0,LC
181550,Dalophis boulengeri,LC,pan-africa,0,LC
181577,Eleotris senegalensis,LC,western_africa,0,LC
181577,Eleotris senegalensis,LC,central_africa,0,LC
181577,Eleotris senegalensis,LC,pan-africa,0,LC
181577,Eleotris senegalensis,DD,southern_africa,NA,DD
181797,Dormitator lebretonis,LC,western_africa,0,LC
181797,Dormitator lebretonis,LC,central_africa,0,LC
181797,Dormitator lebretonis,LC,pan-africa,0,LC
181933,Yongeichthys thomasi,LC,western_africa,0,LC
181933,Yongeichthys thomasi,"NA",central_africa,NA,NA
181933,Yongeichthys thomasi,LC,pan-africa,0,LC
181984,Gobionellus oceanicus,LC,western_africa,0,LC
181984,Gobionellus oceanicus,LC,pan-africa,0,LC
182223,Coptodon guineensis,LC,western_africa,0,LC
182223,Coptodon guineensis,DD,northern_africa,NA,DD
182223,Coptodon guineensis,LC,central_africa,0,LC
182223,Coptodon guineensis,LC,pan-africa,0,LC
182223,Coptodon guineensis,DD,southern_africa,NA,DD
182239,Eleotris daganensis,LC,western_africa,0,LC
182239,Eleotris daganensis,LC,central_africa,0,LC
182239,Eleotris daganensis,LC,pan-africa,0,LC
182239,Eleotris daganensis,LC,southern_africa,0,LC
182285,Periophthalmus barbarus,LC,western_africa,0,LC
182285,Periophthalmus barbarus,LC,central_africa,0,LC
182285,Periophthalmus barbarus,LC,pan-africa,0,LC
182330,Brycinus longipinnis,LC,western_africa,0,LC
182330,Brycinus longipinnis,LC,central_africa,0,LC
182330,Brycinus longipinnis,LC,pan-africa,0,LC
182363,Bostrychus africanus,LC,western_africa,0,LC
182363,Bostrychus africanus,LC,central_africa,0,LC
182363,Bostrychus africanus,LC,pan-africa,0,LC
182498,Tylochromis praecox,DD,central_africa,NA,DD
182498,Tylochromis praecox,DD,pan-africa,NA,DD
182549,Elops lacerta,LC,central_africa,0,LC
182549,Elops lacerta,LC,pan-africa,0,LC
182611,Ethmalosa fimbriata,LC,western_africa,0,LC
182611,Ethmalosa fimbriata,LC,central_africa,0,LC
182611,Ethmalosa fimbriata,LC,pan-africa,0,LC
182712,Eleotris annobonensis,DD,central_africa,NA,DD
182712,Eleotris annobonensis,DD,pan-africa,NA,DD
182779,Arius gigas,NT,western_africa,0.2,NT
182779,Arius gigas,NT,pan-africa,0.2,NT
182933,Gobioides sagitta,LC,western_africa,0,LC
182933,Gobioides sagitta,LC,pan-africa,0,LC
183097,Microphis brachyurus ssp. aculeatus,LC,western_africa,0,LC
183097,Microphis brachyurus ssp. aculeatus,"NA",central_africa,NA,NA
183097,Microphis brachyurus ssp. aculeatus,LC,pan-africa,0,LC
183097,Microphis brachyurus ssp. aculeatus,DD,southern_africa,NA,DD
183152,Microphis fluviatilis,LC,eastern_africa,0,LC
183152,Microphis fluviatilis,LC,pan-africa,0,LC
183152,Microphis fluviatilis,LC,southern_africa,0,LC
183153,Myrophis plumbeus,LC,central_africa,0,LC
183153,Myrophis plumbeus,LC,pan-africa,0,LC
183155,Anguilla mossambica,LC,eastern_africa,0,LC
183155,Anguilla mossambica,LC,pan-africa,0,LC
183155,Anguilla mossambica,LC,southern_africa,0,LC
183158,Kuhlia rupestris,LC,eastern_africa,0,LC
183158,Kuhlia rupestris,LC,pan-africa,0,LC
183160,Awaous aeneofuscus,LC,eastern_africa,0,LC
183160,Awaous aeneofuscus,LC,pan-africa,0,LC
183160,Awaous aeneofuscus,LC,southern_africa,0,LC
183167,Hippichthys cyanospilos,LC,eastern_africa,0,LC
183167,Hippichthys cyanospilos,LC,pan-africa,0,LC
183169,Eleotris vittata,LC,western_africa,0,LC
183169,Eleotris vittata,LC,central_africa,0,LC
183169,Eleotris vittata,LC,pan-africa,0,LC
183169,Eleotris vittata,LC,southern_africa,0,LC
183171,Chelon dumerili,LC,western_africa,0,LC
183171,Chelon dumerili,LC,central_africa,0,LC
183171,Chelon dumerili,LC,pan-africa,0,LC
183177,Bathygobius soporator,LC,western_africa,0,LC
183177,Bathygobius soporator,LC,central_africa,0,LC
183177,Bathygobius soporator,LC,pan-africa,0,LC
183776,Hirundichthys rondeletii,LC,mediterranean,0,LC
183776,Hirundichthys rondeletii,LC,europe,0,LC
184493,Melampus massauensis,DD,northeastern_africa,NA,DD
184493,Melampus massauensis,DD,pan-africa,NA,DD
184520,Laemodonta oblonga,DD,northeastern_africa,NA,DD
184520,Laemodonta oblonga,DD,pan-africa,NA,DD
184554,Iphigenia delessertii,LC,central_africa,0,LC
184554,Iphigenia delessertii,LC,pan-africa,0,LC
184576,Laemodonta amplicata,DD,northeastern_africa,NA,DD
184576,Laemodonta amplicata,DD,pan-africa,NA,DD
184590,Galatea nux,LC,central_africa,0,LC
184590,Galatea nux,LC,pan-africa,0,LC
184626,Iphigenia curta,LC,central_africa,0,LC
184626,Iphigenia curta,LC,pan-africa,0,LC
184635,Galatea schwabi,DD,central_africa,NA,DD
184635,Galatea schwabi,DD,pan-africa,NA,DD
184679,Cerithidea decollata,DD,northeastern_africa,NA,DD
184679,Cerithidea decollata,DD,eastern_africa,NA,DD
184679,Cerithidea decollata,LC,pan-africa,0,LC
184700,Galatea heukelomii,LC,central_africa,0,LC
184700,Galatea heukelomii,LC,pan-africa,0,LC
184711,Iphigenia laevigata,LC,central_africa,0,LC
184711,Iphigenia laevigata,LC,pan-africa,0,LC
184723,Galatea congica,LC,central_africa,0,LC
184723,Galatea congica,LC,pan-africa,0,LC
184732,Galatea tenuicula,DD,central_africa,NA,DD
184732,Galatea tenuicula,DD,pan-africa,NA,DD
185126,Blennius ocellaris,LC,mediterranean,0,LC
185126,Blennius ocellaris,LC,europe,0,LC
185127,Lipophrys trigloides,LC,mediterranean,0,LC
185127,Lipophrys trigloides,LC,europe,0,LC
185128,Parablennius gattorugine,LC,mediterranean,0,LC
185128,Parablennius gattorugine,LC,europe,0,LC
185129,Ophioblennius atlanticus,LC,europe,0,LC
185146,Tripterygion delaisi,LC,mediterranean,0,LC
185146,Tripterygion delaisi,LC,europe,0,LC
185155,Clinitrachus argentatus,LC,mediterranean,0,LC
185155,Clinitrachus argentatus,LC,europe,0,LC
185156,Microlipophrys canevae,LC,mediterranean,0,LC
185156,Microlipophrys canevae,LC,europe,0,LC
185162,Parablennius ruber,LC,europe,0,LC
185165,Coryphoblennius galerita,LC,mediterranean,0,LC
185165,Coryphoblennius galerita,LC,europe,0,LC
185168,Aidablennius sphynx,LC,mediterranean,0,LC
185168,Aidablennius sphynx,LC,europe,0,LC
185175,Salaria pavo,LC,mediterranean,0,LC
185175,Salaria pavo,LC,europe,0,LC
185180,Lipophrys pholis,LC,europe,0,LC
185181,Parablennius incognitus,LC,mediterranean,0,LC
185181,Parablennius incognitus,LC,europe,0,LC
185182,Dactylopterus volitans,LC,mediterranean,0,LC
185182,Dactylopterus volitans,LC,europe,0,LC
185185,Parablennius tentacularis,LC,mediterranean,0,LC
185185,Parablennius tentacularis,LC,europe,0,LC
185193,Parablennius sanguinolentus,LC,mediterranean,0,LC
185193,Parablennius sanguinolentus,LC,europe,0,LC
185774,Pedipes affinis,DD,northeastern_africa,NA,DD
185774,Pedipes affinis,DD,pan-africa,NA,DD
186069,Mauligobius nigri,DD,central_africa,NA,DD
186078,Bathygobius casamancus,"NA",central_africa,NA,NA
186106,Acantholabrus palloni,LC,mediterranean,0,LC
186106,Acantholabrus palloni,LC,europe,0,LC
187397,Labrus mixtus,LC,mediterranean,0,LC
187397,Labrus mixtus,LC,europe,0,LC
187398,Labrus bergylta,LC,europe,0,LC
187418,Thalassoma pavo,LC,mediterranean,0,LC
187418,Thalassoma pavo,LC,europe,0,LC
187455,Symphodus trutta,LC,europe,0,LC
187475,Symphodus mediterraneus,LC,mediterranean,0,LC
187475,Symphodus mediterraneus,LC,europe,0,LC
187492,Symphodus ocellatus,LC,mediterranean,0,LC
187492,Symphodus ocellatus,LC,europe,0,LC
187495,Bodianus scrofa,VU,europe,0.4,VU
187522,Symphodus bailloni,DD,mediterranean,NA,DD
187522,Symphodus bailloni,LC,europe,0,LC
187541,Labrus merula,LC,mediterranean,0,LC
187541,Labrus merula,LC,europe,0,LC
187573,Symphodus rostratus,LC,mediterranean,0,LC
187573,Symphodus rostratus,LC,europe,0,LC
187595,Symphodus caeruleus,LC,europe,0,LC
187653,Symphodus roissali,LC,mediterranean,0,LC
187653,Symphodus roissali,LC,europe,0,LC
187654,Labrus viridis,VU,mediterranean,0.4,VU
187654,Labrus viridis,VU,europe,0.4,VU
187678,Lappanella fasciata,LC,europe,0,LC
187696,Xyrichtys novacula,LC,mediterranean,0,LC
187696,Xyrichtys novacula,LC,europe,0,LC
187714,Symphodus cinereus,LC,mediterranean,0,LC
187714,Symphodus cinereus,LC,europe,0,LC
187748,Symphodus melops,LC,mediterranean,0,LC
187748,Symphodus melops,LC,europe,0,LC
187751,Ctenolabrus rupestris,LC,mediterranean,0,LC
187751,Ctenolabrus rupestris,LC,europe,0,LC
187752,Coris julis,LC,mediterranean,0,LC
187752,Coris julis,LC,europe,0,LC
187756,Symphodus melanocercus,LC,mediterranean,0,LC
187756,Symphodus melanocercus,LC,europe,0,LC
187775,Symphodus doderleini,LC,mediterranean,0,LC
187775,Symphodus doderleini,LC,europe,0,LC
187803,Centrolabrus exoletus,LC,europe,0,LC
187805,Symphodus tinca,LC,mediterranean,0,LC
187805,Symphodus tinca,LC,europe,0,LC
188113,Ponticola eurycephalus,LC,europe,0,LC
188324,Chromis chromis,LC,mediterranean,0,LC
188324,Chromis chromis,LC,europe,0,LC
188419,Abudefduf luridus,LC,europe,0,LC
188486,Chromis limbata,LC,europe,0,LC
189818,Lestidiops jayakari,LC,mediterranean,0,LC
189818,Lestidiops jayakari,LC,europe,0,LC
189820,Tylosurus acus,LC,mediterranean,0,LC
189820,Tylosurus acus,LC,europe,0,LC
189828,Trachyscorpia cristulata,LC,europe,0,LC
189829,Chilomycterus spinosus,"NA",europe,NA,NA
190064,Chaunax pictus,DD,mediterranean,NA,DD
190064,Chaunax pictus,LC,europe,0,LC
190065,Cottunculus thomsonii,LC,europe,0,LC
190067,Cryptopsaras couesii,LC,europe,0,LC
190070,Pseudocaranx dentex,DD,mediterranean,NA,DD
190070,Pseudocaranx dentex,LC,europe,0,LC
190080,Remora osteochir,DD,mediterranean,NA,DD
190080,Remora osteochir,LC,europe,0,LC
190090,Trichiurus lepturus,LC,mediterranean,0,LC
190090,Trichiurus lepturus,DD,europe,NA,DD
190093,Malacocephalus laevis,LC,europe,0,LC
190100,Hygophum benoiti,LC,mediterranean,0,LC
190100,Hygophum benoiti,LC,europe,0,LC
190101,Sudis hyalina,DD,mediterranean,NA,DD
190101,Sudis hyalina,DD,europe,NA,DD
190103,Melanostomias biseriatus,"NA",europe,NA,NA
190116,Luvarus imperialis,LC,mediterranean,0,LC
190116,Luvarus imperialis,LC,europe,0,LC
190117,Decapterus macarellus,"NA",europe,NA,NA
190118,Argyropelecus affinis,"NA",europe,NA,NA
190123,Cheilopogon cyanopterus,"NA",europe,NA,NA
190125,Aluterus scriptus,DD,europe,NA,DD
190126,Gadomus dispar,DD,europe,NA,DD
190130,Argyripnus atlanticus,"NA",europe,NA,NA
190133,Cyclothone microdon,LC,mediterranean,0,LC
190133,Cyclothone microdon,LC,europe,0,LC
190137,Diretmichthys parini,"NA",europe,NA,NA
190139,Seriola fasciata,LC,europe,0,LC
190145,Sternoptyx pseudobscura,LC,europe,0,LC
190147,Searsia koefoedi,LC,europe,0,LC
190149,Malacosteus niger,LC,europe,0,LC
190154,Bassozetus compressus,"NA",europe,NA,NA
190157,Lophodolos acanthognathus,LC,europe,0,LC
190159,Diaphus adenomus,"NA",europe,NA,NA
190163,Exocoetus obtusirostris,DD,mediterranean,NA,DD
190163,Exocoetus obtusirostris,LC,europe,0,LC
190176,Bonapartia pedaliota,LC,europe,0,LC
190181,Grammatostomias circularis,"NA",europe,NA,NA
190183,Histrio histrio,LC,europe,0,LC
190193,Sphoeroides pachygaster,LC,europe,0,LC
190197,Diaphus mollis,"NA",europe,NA,NA
190201,Acanthonus armatus,"NA",europe,NA,NA
190203,Chauliodus danae,LC,europe,0,LC
190207,Lophotus lacepede,DD,mediterranean,NA,DD
190207,Lophotus lacepede,LC,europe,0,LC
190211,Scomberesox saurus,LC,mediterranean,0,LC
190211,Scomberesox saurus,LC,europe,0,LC
190214,Nemichthys scolopaceus,LC,mediterranean,0,LC
190214,Nemichthys scolopaceus,LC,europe,0,LC
190217,Platytroctes apus,LC,europe,0,LC
190223,Manducus maderensis,"NA",europe,NA,NA
190229,Astronesthes leucopogon,LC,europe,0,LC
190232,Taaningichthys bathyphilus,LC,europe,0,LC
190237,Squalogadus modificatus,"NA",europe,NA,NA
190239,Poromitra crassiceps,LC,europe,0,LC
190243,Bathypterois longipes,LC,europe,0,LC
190250,Gymnothorax maderensis,LC,europe,0,LC
190255,Cookeolus japonicus,"NA",europe,NA,NA
190256,Eustomias tetranema,"NA",europe,NA,NA
190258,Polymetme thaeocoryla,LC,europe,0,LC
190260,Cetostoma regani,"NA",europe,NA,NA
190261,Notolychnus valdiviae,LC,europe,0,LC
190264,Rouleina maderensis,DD,europe,NA,DD
190265,Bathytroctes microlepis,LC,europe,0,LC
190272,Oneirodes macronema,"NA",europe,NA,NA
190278,Dolopichthys longicornis,"NA",europe,NA,NA
190279,Pomatomus saltatrix,LC,mediterranean,0,LC
190279,Pomatomus saltatrix,NT,europe,0.2,NT
190282,Bathytroctes macrolepis,LC,europe,0,LC
190285,Ichthyococcus ovatus,LC,mediterranean,0,LC
190285,Ichthyococcus ovatus,LC,europe,0,LC
190287,Lepidocybium flavobrunneum,DD,europe,NA,DD
190291,Chirostomias pliopterus,LC,europe,0,LC
190292,Hirundichthys speculiger,DD,mediterranean,NA,DD
190292,Hirundichthys speculiger,LC,europe,0,LC
190296,Tetragonurus atlanticus,"NA",europe,NA,NA
190298,Photostylus pycnopterus,LC,europe,0,LC
190300,Cyclothone alba,LC,europe,0,LC
190302,Photostomias guernei,LC,europe,0,LC
190303,Lasiognathus beebei,"NA",europe,NA,NA
190310,Chiasmodon niger,LC,europe,0,LC
190311,Nannobrachium lineatum,"NA",europe,NA,NA
190314,Diaphus dumerilii,"NA",europe,NA,NA
190315,Serrivomer beanii,LC,europe,0,LC
190316,Scopelarchus analis,"NA",europe,NA,NA
190317,Bolinichthys photothorax,"NA",europe,NA,NA
190318,Gymnothorax polygonius,DD,europe,NA,DD
190319,Brotulotaenia crassa,DD,europe,NA,DD
190324,Chauliodus sloani,LC,mediterranean,0,LC
190324,Chauliodus sloani,LC,europe,0,LC
190330,Pterycombus brama,LC,europe,0,LC
190331,Gyrinomimus myersi,"NA",europe,NA,NA
190332,Canthidermis sufflamen,"NA",europe,NA,NA
190334,Bathytyphlops sewelli,"NA",europe,NA,NA
190335,Aulopus filamentosus,LC,mediterranean,0,LC
190335,Aulopus filamentosus,LC,europe,0,LC
190338,Nezumia longebarbata,DD,europe,NA,DD
190341,Acanthochaenus luetkenii,"NA",europe,NA,NA
190346,Zu cristatus,DD,mediterranean,NA,DD
190346,Zu cristatus,LC,europe,0,LC
190347,Zenopsis conchifer,DD,europe,NA,DD
190350,Avocettina infans,"NA",europe,NA,NA
190353,Aristostomias tittmanni,"NA",europe,NA,NA
190356,Aldrovandia affinis,"NA",europe,NA,NA
190359,Borostomias mononema,"NA",europe,NA,NA
190360,Astronesthes macropogon,"NA",europe,NA,NA
190361,Astronesthes niger,LC,europe,0,LC
190373,Astronesthes atlanticus,"NA",europe,NA,NA
190378,Regalecus glesne,DD,mediterranean,NA,DD
190378,Regalecus glesne,LC,europe,0,LC
190385,Antimora rostrata,LC,europe,0,LC
190389,Scopelosaurus lepidus,LC,europe,0,LC
190390,Bolinichthys indicus,LC,europe,0,LC
190391,Cheilopogon furcatus,LC,europe,0,LC
190394,Taractichthys longipinnis,LC,europe,0,LC
190399,Sphyraena barracuda,"NA",europe,NA,NA
190402,Spiniphryne gladisfenae,"NA",europe,NA,NA
190403,Polyacanthonotus challengeri,LC,europe,0,LC
190422,Mola mola,DD,mediterranean,NA,DD
190422,Mola mola,DD,europe,NA,DD
190425,Lobianchia gemellarii,DD,mediterranean,NA,DD
190425,Lobianchia gemellarii,LC,europe,0,LC
190427,Eustomias parri,"NA",europe,NA,NA
190431,Nettastoma melanurum,LC,mediterranean,0,LC
190431,Nettastoma melanurum,LC,europe,0,LC
190432,Ruvettus pretiosus,LC,mediterranean,0,LC
190432,Ruvettus pretiosus,LC,europe,0,LC
190435,Astronesthes zharovi,"NA",europe,NA,NA
190444,Canthidermis maculata,LC,europe,0,LC
190447,Caulophryne jordani,"NA",europe,NA,NA
190452,Naucrates ductor,LC,mediterranean,0,LC
190452,Naucrates ductor,LC,europe,0,LC
190453,Myctophum punctatum,LC,mediterranean,0,LC
190453,Myctophum punctatum,LC,europe,0,LC
190458,Caranx hippos,DD,mediterranean,NA,DD
190461,Phtheirichthys lineatus,"NA",europe,NA,NA
190464,Lagocephalus lagocephalus,LC,mediterranean,0,LC
190464,Lagocephalus lagocephalus,LC,europe,0,LC
190466,Symbolophorus veranyi,LC,mediterranean,0,LC
190466,Symbolophorus veranyi,LC,europe,0,LC
190471,Gonostoma denudatum,DD,mediterranean,NA,DD
190471,Gonostoma denudatum,LC,europe,0,LC
190477,Symbolophorus rufinus,"NA",europe,NA,NA
190480,Scopelarchus michaelsarsi,"NA",europe,NA,NA
190485,Melanolagus bericoides,LC,europe,0,LC
190488,Bolinichthys supralateralis,"NA",europe,NA,NA
190710,Sparisoma cretense,LC,mediterranean,0,LC
190710,Sparisoma cretense,LC,europe,0,LC
191829,Caranx latus,"NA",europe,NA,NA
193606,Diodon eydouxii,"NA",europe,NA,NA
193615,Ranzania laevis,DD,europe,NA,DD
193634,Masturus lanceolatus,"NA",europe,NA,NA
193668,Diodon hystrix,DD,europe,NA,DD
193691,Canthigaster capistrata,LC,europe,0,LC
193736,Balistes capriscus,DD,europe,NA,DD
193752,Chilomycterus reticulatus,LC,europe,0,LC
193758,Ephippion guttifer,DD,mediterranean,NA,DD
193758,Ephippion guttifer,DD,europe,NA,DD
193768,Acanthostracion notacanthus,"NA",europe,NA,NA
193771,Sphoeroides marmoratus,LC,europe,0,LC
194427,Parapristipoma humile,LC,europe,0,LC
194428,Parapristipoma octolineatum,DD,mediterranean,NA,DD
194428,Parapristipoma octolineatum,LC,europe,0,LC
194433,Plectorhinchus mediterraneus,LC,mediterranean,0,LC
194433,Plectorhinchus mediterraneus,LC,europe,0,LC
194812,Lepadogaster lepadogaster,LC,mediterranean,0,LC
194812,Lepadogaster lepadogaster,LC,europe,0,LC
194814,Panturichthys fowleri,DD,mediterranean,NA,DD
194814,Panturichthys fowleri,DD,europe,NA,DD
194815,Ophichthus rufus,LC,mediterranean,0,LC
194815,Ophichthus rufus,LC,europe,0,LC
194816,Bathypterois mediterraneus,LC,mediterranean,0,LC
194818,Paralepis speciosa,LC,europe,0,LC
194819,Coelorinchus mediterraneus,LC,mediterranean,0,LC
194819,Coelorinchus mediterraneus,LC,europe,0,LC
194821,Eretmophorus kleinenbergi,LC,mediterranean,0,LC
194821,Eretmophorus kleinenbergi,LC,europe,0,LC
194838,Lepidion lepidion,LC,mediterranean,0,LC
194838,Lepidion lepidion,LC,europe,0,LC
194840,Rhynchogadus hepaticus,DD,mediterranean,NA,DD
194840,Rhynchogadus hepaticus,DD,europe,NA,DD
194843,Opeatogenys gracilis,LC,mediterranean,0,LC
194843,Opeatogenys gracilis,LC,europe,0,LC
194844,Notoscopelus elongatus,LC,mediterranean,0,LC
194844,Notoscopelus elongatus,LC,europe,0,LC
194845,Grammonus ater,LC,mediterranean,0,LC
194845,Grammonus ater,LC,europe,0,LC
194846,Echiodon dentatus,LC,mediterranean,0,LC
194846,Echiodon dentatus,LC,europe,0,LC
194847,Ophidion rochei,DD,mediterranean,NA,DD
194847,Ophidion rochei,DD,europe,NA,DD
194848,Parophidion vassali,DD,mediterranean,NA,DD
194848,Parophidion vassali,DD,europe,NA,DD
194850,Nansenia iberica,DD,mediterranean,NA,DD
194850,Nansenia iberica,DD,europe,NA,DD
194851,Microlipophrys adriaticus,LC,europe,0,LC
194853,Microlipophrys dalmatinus,LC,mediterranean,0,LC
194853,Microlipophrys dalmatinus,LC,europe,0,LC
194854,Microlipophrys nigriceps,LC,mediterranean,0,LC
194854,Microlipophrys nigriceps,LC,europe,0,LC
194855,Parablennius rouxi,LC,mediterranean,0,LC
194855,Parablennius rouxi,LC,europe,0,LC
194856,Salaria basilisca,LC,mediterranean,0,LC
194856,Salaria basilisca,LC,europe,0,LC
194857,Callionymus fasciatus,LC,europe,0,LC
194859,Microichthys coccoi,LC,mediterranean,0,LC
194859,Microichthys coccoi,LC,europe,0,LC
194860,Microichthys sanzoi,DD,mediterranean,NA,DD
194860,Microichthys sanzoi,DD,europe,NA,DD
194862,Buenia affinis,LC,mediterranean,0,LC
194862,Buenia affinis,LC,europe,0,LC
194863,Chromogobius zebratus,LC,mediterranean,0,LC
194863,Chromogobius zebratus,LC,europe,0,LC
194865,Corcyrogobius liechtensteini,LC,mediterranean,0,LC
194865,Corcyrogobius liechtensteini,LC,europe,0,LC
194867,Didogobius bentuvii,DD,mediterranean,NA,DD
194867,Didogobius bentuvii,DD,europe,NA,DD
194868,Didogobius schlieweni,LC,mediterranean,0,LC
194868,Didogobius schlieweni,LC,europe,0,LC
194869,Didogobius splechtnai,LC,mediterranean,0,LC
194869,Didogobius splechtnai,LC,europe,0,LC
194872,Gobius ater,LC,mediterranean,0,LC
194872,Gobius ater,LC,europe,0,LC
194873,Gobius bucchichi,LC,mediterranean,0,LC
194873,Gobius bucchichi,LC,europe,0,LC
194874,Gobius geniporus,LC,mediterranean,0,LC
194874,Gobius geniporus,LC,europe,0,LC
194875,Gobius kolombatovici,LC,mediterranean,0,LC
194875,Gobius kolombatovici,LC,europe,0,LC
194876,Gobius strictus,DD,mediterranean,NA,DD
194877,Gobius vittatus,LC,mediterranean,0,LC
194877,Gobius vittatus,LC,europe,0,LC
194879,Millerigobius macrocephalus,LC,europe,0,LC
194881,Odondebuenia balearica,LC,mediterranean,0,LC
194881,Odondebuenia balearica,LC,europe,0,LC
194882,Pomatoschistus bathi,LC,europe,0,LC
194883,Pomatoschistus knerii,LC,mediterranean,0,LC
194883,Pomatoschistus knerii,LC,europe,0,LC
194884,Pomatoschistus quagga,LC,mediterranean,0,LC
194884,Pomatoschistus quagga,LC,europe,0,LC
194885,Pomatoschistus tortonesei,EN,mediterranean,0.6,EN
194885,Pomatoschistus tortonesei,EN,europe,0.6,EN
194887,Pseudaphya ferreri,LC,mediterranean,0,LC
194887,Pseudaphya ferreri,LC,europe,0,LC
194889,Speleogobius trigloides,LC,mediterranean,0,LC
194889,Speleogobius trigloides,LC,europe,0,LC
194891,Thorogobius macrolepis,LC,mediterranean,0,LC
194891,Thorogobius macrolepis,LC,europe,0,LC
194893,Zebrus zebrus,LC,europe,0,LC
194894,Kuhlia rubens,DD,mediterranean,NA,DD
194895,Tripterygion melanurum,LC,mediterranean,0,LC
194895,Tripterygion melanurum,LC,europe,0,LC
194896,Tripterygion tripteronotum,LC,europe,0,LC
194897,Arnoglossus kessleri,DD,europe,NA,DD
194898,Solea aegyptiaca,LC,mediterranean,0,LC
194898,Solea aegyptiaca,LC,europe,0,LC
194900,Eutelichthys leptochirus,DD,mediterranean,NA,DD
194900,Eutelichthys leptochirus,DD,europe,NA,DD
194901,Paraliparis murieli,DD,mediterranean,NA,DD
194901,Paraliparis murieli,DD,europe,NA,DD
194902,Cyclothone pygmaea,LC,mediterranean,0,LC
194902,Cyclothone pygmaea,LC,europe,0,LC
194903,Syngnathus taenionotus,DD,mediterranean,NA,DD
194903,Syngnathus taenionotus,DD,europe,NA,DD
194904,Syngnathus tenuirostris,DD,mediterranean,NA,DD
194904,Syngnathus tenuirostris,DD,europe,NA,DD
194960,Gouania willdenowi,LC,mediterranean,0,LC
194960,Gouania willdenowi,LC,europe,0,LC
194967,Chlopsis bicolor,LC,mediterranean,0,LC
194967,Chlopsis bicolor,LC,europe,0,LC
194968,Ariosoma balearicum,LC,mediterranean,0,LC
194968,Ariosoma balearicum,LC,europe,0,LC
194969,Conger conger,LC,mediterranean,0,LC
194969,Conger conger,LC,europe,0,LC
194970,Gnathophis mystax,LC,mediterranean,0,LC
194970,Gnathophis mystax,LC,europe,0,LC
194971,Cynoponticus ferox,DD,mediterranean,NA,DD
194971,Cynoponticus ferox,DD,europe,NA,DD
194973,Gymnothorax unicolor,DD,mediterranean,NA,DD
194973,Gymnothorax unicolor,LC,europe,0,LC
194974,Muraena helena,LC,mediterranean,0,LC
194974,Muraena helena,LC,europe,0,LC
194980,Apterichtus anguiformis,LC,mediterranean,0,LC
194980,Apterichtus anguiformis,LC,europe,0,LC
194981,Apterichtus caecus,LC,mediterranean,0,LC
194981,Apterichtus caecus,LC,europe,0,LC
194984,Echelus myrus,LC,mediterranean,0,LC
194984,Echelus myrus,LC,europe,0,LC
194986,Ophisurus serpens,LC,mediterranean,0,LC
194986,Ophisurus serpens,LC,europe,0,LC
194989,Dysomma brevirostre,DD,mediterranean,NA,DD
194989,Dysomma brevirostre,LC,europe,0,LC
194991,Atherina presbyter,DD,mediterranean,NA,DD
194991,Atherina presbyter,LC,europe,0,LC
194992,Bathypterois grallator,DD,mediterranean,NA,DD
194992,Bathypterois grallator,LC,europe,0,LC
194993,Chlorophthalmus agassizi,LC,mediterranean,0,LC
194993,Chlorophthalmus agassizi,LC,europe,0,LC
194995,Evermannella balbo,LC,mediterranean,0,LC
194995,Evermannella balbo,LC,europe,0,LC
194997,Arctozenus risso,LC,mediterranean,0,LC
194997,Arctozenus risso,LC,europe,0,LC
194998,Lestidiops sphyrenoides,LC,mediterranean,0,LC
194998,Lestidiops sphyrenoides,LC,europe,0,LC
194999,Paralepis coregonoides,LC,mediterranean,0,LC
194999,Paralepis coregonoides,LC,europe,0,LC
195001,Bathysaurus mollis,DD,mediterranean,NA,DD
195001,Bathysaurus mollis,LC,europe,0,LC
195003,Halobatrachus didactylus,DD,mediterranean,NA,DD
195003,Halobatrachus didactylus,LC,europe,0,LC
195038,Lampris guttatus,DD,mediterranean,NA,DD
195038,Lampris guttatus,LC,europe,0,LC
195091,Brama brama,DD,mediterranean,NA,DD
195091,Brama brama,LC,europe,0,LC
195093,Helicolenus dactylopterus,LC,mediterranean,0,LC
195093,Helicolenus dactylopterus,LC,europe,0,LC
195672,Anarchias longicauda,DD,europe,NA,DD
195688,Enchelycore anatina,LC,europe,0,LC
195708,Gymnothorax bacalladoi,DD,europe,NA,DD
195805,Gymnothorax vicinus,DD,europe,NA,DD
195810,Muraena augusti,LC,europe,0,LC
195838,Aldrovandia phalacra,LC,europe,0,LC
195839,Aldrovandia rostrata,"NA",europe,NA,NA
195840,Halosauropsis macrochir,LC,europe,0,LC
195843,Halosaurus johnsonianus,LC,europe,0,LC
195844,Halosaurus ovenii,LC,europe,0,LC
195852,Notacanthus chemnitzii,LC,europe,0,LC
195886,Apogon imberbis,LC,mediterranean,0,LC
195886,Apogon imberbis,LC,europe,0,LC
196057,Myxine glutinosa,LC,mediterranean,0,LC
196057,Myxine glutinosa,LC,europe,0,LC
196060,Myxine ios,LC,europe,0,LC
196061,Myxine jespersenae,LC,europe,0,LC
198547,Bathysolea profundicola,DD,mediterranean,NA,DD
198547,Bathysolea profundicola,LC,europe,0,LC
198550,Pomatoschistus pictus,DD,mediterranean,NA,DD
198550,Pomatoschistus pictus,LC,europe,0,LC
198551,Serranus cabrilla,LC,mediterranean,0,LC
198551,Serranus cabrilla,LC,europe,0,LC
198552,Pomatoschistus norvegicus,DD,mediterranean,NA,DD
198552,Pomatoschistus norvegicus,LC,europe,0,LC
198553,Pegusa lascaris,DD,mediterranean,NA,DD
198553,Pegusa lascaris,LC,europe,0,LC
198554,Callionymus reticulatus,DD,mediterranean,NA,DD
198554,Callionymus reticulatus,LC,europe,0,LC
198555,Epigonus constanciae,DD,mediterranean,NA,DD
198555,Epigonus constanciae,LC,europe,0,LC
198556,Arnoglossus thori,LC,mediterranean,0,LC
198556,Arnoglossus thori,LC,europe,0,LC
198557,Capros aper,LC,mediterranean,0,LC
198557,Capros aper,LC,europe,0,LC
198558,Priacanthus arenatus,DD,mediterranean,NA,DD
198558,Priacanthus arenatus,LC,europe,0,LC
198559,Physiculus dalwigki,LC,mediterranean,0,LC
198559,Physiculus dalwigki,LC,europe,0,LC
198560,Scorpaena elongata,LC,mediterranean,0,LC
198560,Scorpaena elongata,LC,europe,0,LC
198561,Kyphosus sectatrix,DD,mediterranean,NA,DD
198561,Kyphosus sectatrix,DD,europe,NA,DD
198562,Merluccius merluccius,VU,mediterranean,0.4,VU
198562,Merluccius merluccius,LC,europe,0,LC
198563,Stomias boa,LC,mediterranean,0,LC
198563,Stomias boa,LC,europe,0,LC
198564,Cataetyx alleni,LC,mediterranean,0,LC
198564,Cataetyx alleni,LC,europe,0,LC
198565,Sphyraena sphyraena,LC,mediterranean,0,LC
198565,Sphyraena sphyraena,DD,europe,NA,DD
198566,Exocoetus volitans,DD,mediterranean,NA,DD
198566,Exocoetus volitans,LC,europe,0,LC
198568,Engraulis encrasicolus,LC,mediterranean,0,LC
198568,Engraulis encrasicolus,LC,europe,0,LC
198570,Gobius niger,LC,mediterranean,0,LC
198570,Gobius niger,LC,europe,0,LC
198571,Centrolophus niger,LC,mediterranean,0,LC
198571,Centrolophus niger,LC,europe,0,LC
198573,Belone belone,LC,mediterranean,0,LC
198573,Belone belone,LC,europe,0,LC
198575,Cheilopogon exsiliens,DD,mediterranean,NA,DD
198575,Cheilopogon exsiliens,LC,europe,0,LC
198576,Cheilopogon heterurus,DD,mediterranean,NA,DD
198576,Cheilopogon heterurus,LC,europe,0,LC
198577,Hyporhamphus picarti,LC,mediterranean,0,LC
198577,Hyporhamphus picarti,LC,europe,0,LC
198578,Beryx decadactylus,DD,mediterranean,NA,DD
198578,Beryx decadactylus,NT,europe,0.2,NT
198579,Hoplostethus mediterraneus,LC,mediterranean,0,LC
198579,Hoplostethus mediterraneus,LC,europe,0,LC
198580,Sardina pilchardus,LC,mediterranean,0,LC
198580,Sardina pilchardus,NT,europe,0.2,NT
198581,Sardinella aurita,LC,mediterranean,0,LC
198581,Sardinella aurita,LC,europe,0,LC
198582,Sardinella maderensis,LC,mediterranean,0,LC
198582,Sardinella maderensis,LC,europe,0,LC
198583,Sprattus sprattus,DD,mediterranean,NA,DD
198583,Sprattus sprattus,LC,europe,0,LC
198585,Merlangius merlangus,LC,mediterranean,0,LC
198585,Merlangius merlangus,LC,europe,0,LC
198589,Gaidropsarus granti,DD,mediterranean,NA,DD
198589,Gaidropsarus granti,DD,europe,NA,DD
198590,Gaidropsarus vulgaris,LC,mediterranean,0,LC
198590,Gaidropsarus vulgaris,LC,europe,0,LC
198592,Molva macrophthalma,DD,mediterranean,NA,DD
198592,Molva macrophthalma,LC,europe,0,LC
198594,Coryphaenoides guentheri,LC,mediterranean,0,LC
198594,Coryphaenoides guentheri,LC,europe,0,LC
198595,Coryphaenoides mediterraneus,LC,mediterranean,0,LC
198595,Coryphaenoides mediterraneus,LC,europe,0,LC
198596,Hymenocephalus italicus,LC,mediterranean,0,LC
198596,Hymenocephalus italicus,LC,europe,0,LC
198597,Nezumia aequalis,LC,mediterranean,0,LC
198597,Nezumia aequalis,LC,europe,0,LC
198598,Nezumia sclerorhynchus,LC,mediterranean,0,LC
198598,Nezumia sclerorhynchus,LC,europe,0,LC
198599,Trachyrincus scabrus,LC,mediterranean,0,LC
198599,Trachyrincus scabrus,LC,europe,0,LC
198600,Gadella maraldi,LC,mediterranean,0,LC
198600,Gadella maraldi,LC,europe,0,LC
198601,Lepidion guentheri,LC,mediterranean,0,LC
198601,Lepidion guentheri,LC,europe,0,LC
198602,Mora moro,LC,mediterranean,0,LC
198602,Mora moro,LC,europe,0,LC
198604,Phycis phycis,LC,mediterranean,0,LC
198604,Phycis phycis,DD,europe,NA,DD
198605,Apletodon incognitus,DD,mediterranean,NA,DD
198605,Apletodon incognitus,LC,europe,0,LC
198606,Diplecogaster bimaculata,LC,mediterranean,0,LC
198606,Diplecogaster bimaculata,LC,europe,0,LC
198608,Trachipterus trachypterus,DD,mediterranean,NA,DD
198608,Trachipterus trachypterus,LC,europe,0,LC
198609,Lophius budegassa,LC,mediterranean,0,LC
198609,Lophius budegassa,LC,europe,0,LC
198610,Lophius piscatorius,LC,mediterranean,0,LC
198610,Lophius piscatorius,LC,europe,0,LC
198611,Benthosema glaciale,LC,mediterranean,0,LC
198611,Benthosema glaciale,LC,europe,0,LC
198612,Ceratoscopelus maderensis,LC,mediterranean,0,LC
198612,Ceratoscopelus maderensis,LC,europe,0,LC
198613,Diaphus metopoclampus,LC,mediterranean,0,LC
198613,Diaphus metopoclampus,LC,europe,0,LC
198614,Diogenichthys atlanticus,DD,mediterranean,NA,DD
198614,Diogenichthys atlanticus,LC,europe,0,LC
198615,Electrona risso,LC,mediterranean,0,LC
198615,Electrona risso,LC,europe,0,LC
198616,Gonichthys cocco,LC,europe,0,LC
198617,Hygophum hygomii,LC,mediterranean,0,LC
198617,Hygophum hygomii,LC,europe,0,LC
198618,Lampanyctus crocodilus,LC,mediterranean,0,LC
198618,Lampanyctus crocodilus,LC,europe,0,LC
198619,Lampanyctus pusillus,LC,mediterranean,0,LC
198619,Lampanyctus pusillus,LC,europe,0,LC
198620,Lobianchia dofleini,LC,mediterranean,0,LC
198620,Lobianchia dofleini,LC,europe,0,LC
198621,Notoscopelus bolini,LC,mediterranean,0,LC
198621,Notoscopelus bolini,LC,europe,0,LC
198622,Bellottia apoda,LC,mediterranean,0,LC
198622,Bellottia apoda,LC,europe,0,LC
198623,Cataetyx laticeps,LC,mediterranean,0,LC
198623,Cataetyx laticeps,LC,europe,0,LC
198624,Carapus acus,DD,mediterranean,NA,DD
198624,Carapus acus,LC,europe,0,LC
198625,Ophidion barbatum,LC,mediterranean,0,LC
198625,Ophidion barbatum,LC,europe,0,LC
198626,Alepocephalus rostratus,LC,mediterranean,0,LC
198626,Alepocephalus rostratus,LC,europe,0,LC
198627,Glossanodon leioglossus,LC,mediterranean,0,LC
198627,Glossanodon leioglossus,LC,europe,0,LC
198628,Microstoma microstoma,DD,mediterranean,NA,DD
198628,Microstoma microstoma,LC,europe,0,LC
198630,Gymnammodytes cicerelus,LC,mediterranean,0,LC
198630,Gymnammodytes cicerelus,DD,europe,NA,DD
198632,Scartella cristata,LC,mediterranean,0,LC
198632,Scartella cristata,LC,europe,0,LC
198633,Callanthias ruber,LC,mediterranean,0,LC
198633,Callanthias ruber,LC,europe,0,LC
198634,Callionymus lyra,LC,mediterranean,0,LC
198634,Callionymus lyra,LC,europe,0,LC
198635,Callionymus maculatus,LC,mediterranean,0,LC
198635,Callionymus maculatus,LC,europe,0,LC
198636,Callionymus pusillus,LC,mediterranean,0,LC
198636,Callionymus pusillus,LC,europe,0,LC
198637,Callionymus risso,LC,mediterranean,0,LC
198637,Callionymus risso,LC,europe,0,LC
198638,Synchiropus phaeton,LC,mediterranean,0,LC
198638,Synchiropus phaeton,LC,europe,0,LC
198640,Campogramma glaycos,DD,mediterranean,NA,DD
198640,Campogramma glaycos,LC,europe,0,LC
198641,Caranx rhonchus,LC,mediterranean,0,LC
198641,Caranx rhonchus,DD,europe,NA,DD
198642,Lichia amia,DD,mediterranean,NA,DD
198642,Lichia amia,LC,europe,0,LC
198643,Seriola dumerili,LC,mediterranean,0,LC
198643,Seriola dumerili,LC,europe,0,LC
198644,Trachinotus ovatus,LC,mediterranean,0,LC
198644,Trachinotus ovatus,LC,europe,0,LC
198645,Trachurus mediterraneus,LC,mediterranean,0,LC
198645,Trachurus mediterraneus,LC,europe,0,LC
198646,Trachurus picturatus,LC,mediterranean,0,LC
198646,Trachurus picturatus,LC,europe,0,LC
198647,Trachurus trachurus,LC,mediterranean,0,LC
198647,Trachurus trachurus,LC,europe,0,LC
198648,Schedophilus medusophagus,LC,mediterranean,0,LC
198648,Schedophilus medusophagus,LC,europe,0,LC
198649,Cepola macrophthalma,LC,mediterranean,0,LC
198649,Cepola macrophthalma,LC,europe,0,LC
198650,Remora australis,DD,mediterranean,NA,DD
198650,Remora australis,"NA",europe,NA,NA
198651,Remora remora,LC,mediterranean,0,LC
198651,Remora remora,LC,europe,0,LC
198652,Epigonus denticulatus,LC,mediterranean,0,LC
198652,Epigonus denticulatus,LC,europe,0,LC
198653,Epigonus telescopus,LC,mediterranean,0,LC
198653,Epigonus telescopus,DD,europe,NA,DD
198654,Crystallogobius linearis,LC,mediterranean,0,LC
198654,Crystallogobius linearis,LC,europe,0,LC
198655,Deltentosteus collonianus,LC,mediterranean,0,LC
198655,Deltentosteus collonianus,LC,europe,0,LC
198657,Gobius auratus,LC,mediterranean,0,LC
198657,Gobius auratus,LC,europe,0,LC
198659,Gobius couchi,DD,mediterranean,NA,DD
198659,Gobius couchi,LC,europe,0,LC
198660,Gobius cruentatus,LC,mediterranean,0,LC
198660,Gobius cruentatus,LC,europe,0,LC
198662,Gobius paganellus,LC,mediterranean,0,LC
198662,Gobius paganellus,LC,europe,0,LC
198663,Gobius roulei,DD,mediterranean,NA,DD
198663,Gobius roulei,LC,europe,0,LC
198664,Lebetus guilleti,DD,mediterranean,NA,DD
198664,Lebetus guilleti,LC,europe,0,LC
198665,Lesueurigobius friesii,LC,mediterranean,0,LC
198665,Lesueurigobius friesii,LC,europe,0,LC
198667,Pomatoschistus marmoratus,LC,mediterranean,0,LC
198667,Pomatoschistus marmoratus,LC,europe,0,LC
198668,Pomatoschistus minutus,VU,mediterranean,0.4,VU
198668,Pomatoschistus minutus,LC,europe,0,LC
198669,Thorogobius ephippiatus,LC,mediterranean,0,LC
198669,Thorogobius ephippiatus,LC,europe,0,LC
198670,Lobotes surinamensis,LC,mediterranean,0,LC
198670,Lobotes surinamensis,LC,europe,0,LC
198671,Dicentrarchus punctatus,LC,mediterranean,0,LC
198671,Dicentrarchus punctatus,LC,europe,0,LC
198673,Mullus barbatus,LC,mediterranean,0,LC
198673,Mullus barbatus,LC,europe,0,LC
198674,Mullus surmuletus,LC,mediterranean,0,LC
198674,Mullus surmuletus,DD,europe,NA,DD
198675,Cubiceps capensis,DD,mediterranean,NA,DD
198675,Cubiceps capensis,LC,europe,0,LC
198676,Cubiceps gracilis,DD,mediterranean,NA,DD
198676,Cubiceps gracilis,LC,europe,0,LC
198706,Argyrosomus regius,LC,mediterranean,0,LC
198706,Argyrosomus regius,LC,europe,0,LC
198707,Sciaena umbra,VU,mediterranean,0.4,VU
198707,Sciaena umbra,NT,europe,0.2,NT
198708,Umbrina canariensis,DD,mediterranean,NA,DD
198708,Umbrina canariensis,LC,europe,0,LC
198709,Umbrina cirrosa,VU,mediterranean,0.4,VU
198709,Umbrina cirrosa,VU,europe,0.4,VU
198710,Umbrina ronchus,DD,mediterranean,NA,DD
198710,Umbrina ronchus,LC,europe,0,LC
198711,Anthias anthias,LC,mediterranean,0,LC
198711,Anthias anthias,LC,europe,0,LC
198712,Serranus hepatus,LC,mediterranean,0,LC
198712,Serranus hepatus,LC,europe,0,LC
198713,Serranus scriba,LC,mediterranean,0,LC
198713,Serranus scriba,LC,europe,0,LC
198714,Sphyraena viridensis,LC,mediterranean,0,LC
198714,Sphyraena viridensis,DD,europe,NA,DD
198715,Stromateus fiatola,DD,mediterranean,NA,DD
198715,Stromateus fiatola,LC,europe,0,LC
198716,Tetragonurus cuvieri,LC,mediterranean,0,LC
198716,Tetragonurus cuvieri,LC,europe,0,LC
198718,Trachinus araneus,LC,mediterranean,0,LC
198718,Trachinus araneus,LC,europe,0,LC
198719,Trachinus draco,LC,mediterranean,0,LC
198719,Trachinus draco,LC,europe,0,LC
198720,Trachinus radiatus,LC,mediterranean,0,LC
198720,Trachinus radiatus,LC,europe,0,LC
198721,Lepidopus caudatus,LC,mediterranean,0,LC
198721,Lepidopus caudatus,LC,europe,0,LC
198722,Uranoscopus scaber,LC,mediterranean,0,LC
198722,Uranoscopus scaber,LC,europe,0,LC
198723,Melanostigma atlanticum,DD,mediterranean,NA,DD
198723,Melanostigma atlanticum,LC,europe,0,LC
198724,Arnoglossus laterna,LC,mediterranean,0,LC
198724,Arnoglossus laterna,LC,europe,0,LC
198725,Bothus podas,LC,mediterranean,0,LC
198725,Bothus podas,LC,europe,0,LC
198726,Citharus linguatula,LC,mediterranean,0,LC
198726,Citharus linguatula,LC,europe,0,LC
198727,Symphurus ligulatus,LC,mediterranean,0,LC
198727,Symphurus ligulatus,LC,europe,0,LC
198728,Symphurus nigrescens,LC,mediterranean,0,LC
198728,Symphurus nigrescens,LC,europe,0,LC
198734,Microchirus azevia,LC,mediterranean,0,LC
198734,Microchirus azevia,LC,europe,0,LC
198735,Microchirus ocellatus,LC,mediterranean,0,LC
198735,Microchirus ocellatus,DD,europe,NA,DD
198736,Microchirus variegatus,LC,mediterranean,0,LC
198736,Microchirus variegatus,LC,europe,0,LC
198737,Monochirus hispidus,DD,mediterranean,NA,DD
198737,Monochirus hispidus,LC,europe,0,LC
198739,Solea solea,LC,mediterranean,0,LC
198739,Solea solea,LC,europe,0,LC
198740,Synapturichthys kleinii,DD,mediterranean,NA,DD
198740,Synapturichthys kleinii,LC,europe,0,LC
198741,Taurulus bubalis,DD,mediterranean,NA,DD
198741,Taurulus bubalis,LC,europe,0,LC
198742,Peristedion cataphractum,LC,mediterranean,0,LC
198742,Peristedion cataphractum,DD,europe,NA,DD
198743,Pontinus kuhlii,DD,mediterranean,NA,DD
198743,Pontinus kuhlii,LC,europe,0,LC
198744,Scorpaena loppei,LC,mediterranean,0,LC
198744,Scorpaena loppei,LC,europe,0,LC
198745,Scorpaena maderensis,LC,mediterranean,0,LC
198745,Scorpaena maderensis,LC,europe,0,LC
198746,Scorpaena notata,LC,mediterranean,0,LC
198746,Scorpaena notata,LC,europe,0,LC
198747,Scorpaena porcus,LC,mediterranean,0,LC
198747,Scorpaena porcus,LC,europe,0,LC
198748,Scorpaena scrofa,LC,mediterranean,0,LC
198748,Scorpaena scrofa,LC,europe,0,LC
198750,Chelidonichthys cuculus,LC,mediterranean,0,LC
198750,Chelidonichthys cuculus,LC,europe,0,LC
198751,Chelidonichthys lastoviza,LC,mediterranean,0,LC
198752,Chelidonichthys lucerna,LC,mediterranean,0,LC
198752,Chelidonichthys lucerna,LC,europe,0,LC
198753,Chelidonichthys obscurus,LC,mediterranean,0,LC
198753,Chelidonichthys obscurus,LC,europe,0,LC
198755,Lepidotrigla dieuzeidei,LC,mediterranean,0,LC
198755,Lepidotrigla dieuzeidei,LC,europe,0,LC
198756,Trigla lyra,LC,mediterranean,0,LC
198756,Trigla lyra,DD,europe,NA,DD
198757,Cyclothone braueri,LC,mediterranean,0,LC
198757,Cyclothone braueri,LC,europe,0,LC
198758,Vinciguerria attenuata,LC,mediterranean,0,LC
198758,Vinciguerria attenuata,LC,europe,0,LC
198759,Vinciguerria poweriae,LC,mediterranean,0,LC
198759,Vinciguerria poweriae,LC,europe,0,LC
198760,Maurolicus muelleri,LC,mediterranean,0,LC
198760,Maurolicus muelleri,LC,europe,0,LC
198761,Bathophilus nigerrimus,LC,mediterranean,0,LC
198761,Bathophilus nigerrimus,LC,europe,0,LC
198762,Borostomias antarcticus,DD,mediterranean,NA,DD
198762,Borostomias antarcticus,LC,europe,0,LC
198763,Nerophis maculatus,DD,mediterranean,NA,DD
198763,Nerophis maculatus,DD,europe,NA,DD
198764,Nerophis ophidion,LC,mediterranean,0,LC
198764,Nerophis ophidion,LC,europe,0,LC
198765,Syngnathus acus,LC,mediterranean,0,LC
198765,Syngnathus acus,LC,europe,0,LC
198766,Syngnathus phlegon,DD,mediterranean,NA,DD
198766,Syngnathus phlegon,DD,europe,NA,DD
198767,Syngnathus typhle,LC,mediterranean,0,LC
198767,Syngnathus typhle,LC,europe,0,LC
198769,Zeus faber,LC,mediterranean,0,LC
198769,Zeus faber,DD,europe,NA,DD
198772,Alectis alexandrina,LC,mediterranean,0,LC
198772,Alectis alexandrina,LC,europe,0,LC
198774,Parablennius pilicornis,LC,mediterranean,0,LC
198774,Parablennius pilicornis,LC,europe,0,LC
198775,Coelorinchus caelorhincus,LC,mediterranean,0,LC
198775,Coelorinchus caelorhincus,DD,europe,NA,DD
198776,Lepadogaster purpurea,LC,mediterranean,0,LC
198776,Lepadogaster purpurea,LC,europe,0,LC
198998,Myrichthys pardalis,LC,europe,0,LC
199068,Ilyophis brunneus,LC,europe,0,LC
199078,Heteroconger longissimus,LC,europe,0,LC
199146,Pisodonophis semicinctus,LC,europe,0,LC
199161,Pseudophichthys splendens,DD,europe,NA,DD
199249,Histiobranchus bathybius,LC,europe,0,LC
199323,Nemichthys curvirostris,"NA",europe,NA,NA
199360,Paraconger macrops,DD,europe,NA,DD
199373,Venefica proboscidea,LC,europe,0,LC
199396,Ophichthus maculatus,DD,europe,NA,DD
199401,Nessorhamphus ingolfianus,LC,europe,0,LC
199413,Gnathophis codoniphorus,DD,europe,NA,DD
13145780,Allium telmatum,NT,mediterranean,0.2,NT
13168143,Puccinellia iberica,LC,mediterranean,0,LC
13462250,Guentherus altivela,LC,europe,0,LC
13462491,Bathysaurus ferox,LC,europe,0,LC
13462713,Evermannella melanoderma,LC,europe,0,LC
13462745,Bathymicrops regis,"NA",europe,NA,NA
13462751,Bathypterois dubius,LC,europe,0,LC
13462757,Bathypterois phenax,LC,europe,0,LC
13485141,Ahliesaurus berryi,LC,europe,0,LC
13485167,Scopelosaurus argenteus,LC,europe,0,LC
13485312,Omosudis lowii,LC,europe,0,LC
13485398,Lestidiops affinis,"NA",europe,NA,NA
13485631,Macroparalepis affinis,"NA",europe,NA,NA
13485635,Magnisudis atlantica,LC,europe,0,LC
13485675,Benthalbella infans,"NA",europe,NA,NA
13485856,Scopelarchus guentheri,"NA",europe,NA,NA
13486169,Synodus synodus,LC,europe,0,LC
13486199,Trachinocephalus myops,"NA",europe,NA,NA
15147715,Alepocephalus agassizii,LC,europe,0,LC
15147725,Alepocephalus australis,LC,europe,0,LC
15147740,Alepocephalus bairdii,DD,europe,NA,DD
15147816,Bajacalifornia megalops,LC,europe,0,LC
15147860,Bathylaco nigricans,LC,europe,0,LC
15147965,Bathyprion danae,DD,europe,NA,DD
15147977,Bathytroctes michaelsarsi,LC,europe,0,LC
15148522,Conocara macropterum,LC,europe,0,LC
15148566,Conocara salmoneum,DD,europe,NA,DD
15148742,Einara macrolepis,DD,europe,NA,DD
15148858,Herwigia kreffti,DD,europe,NA,DD
15148964,Leptoderma macrops,DD,europe,NA,DD
15149028,Rinoctes nasutus,LC,europe,0,LC
15149121,Rouleina attrita,LC,europe,0,LC
15149335,Xenodermichthys copei,LC,europe,0,LC
15521875,Hemiramphus balao,"NA",europe,NA,NA
15521985,Scomberesox simulans,LC,europe,0,LC
15522054,Enchelyopus cimbrius,LC,europe,0,LC
15522069,Bathygadus melanobranchus,LC,europe,0,LC
15522095,Coelorinchus labiatus,LC,europe,0,LC
15522140,Coryphaenoides leptolepis,LC,europe,0,LC
15522149,Coryphaenoides rupestris,EN,europe,0.6,EN
15522152,Coryphaenoides zaniophorus,LC,europe,0,LC
15522159,Gadomus longifilis,LC,europe,0,LC
15522210,Sphagemacrurus hirundo,LC,europe,0,LC
15522213,Melanonus zugmayeri,LC,europe,0,LC
15522236,Laemonema yarrellii,LC,europe,0,LC
15598524,Benthosema suborbitale,"NA",europe,NA,NA
15598550,Centrobranchus nigroocellatus,"NA",europe,NA,NA
15598596,Ceratoscopelus warmingii,"NA",europe,NA,NA
15598621,Diaphus bertelseni,LC,europe,0,LC
15598639,Diaphus effulgens,"NA",europe,NA,NA
15598672,Diaphus lucidus,"NA",europe,NA,NA
15598778,Diaphus perspicillatus,"NA",europe,NA,NA
15598791,Diaphus splendidus,"NA",europe,NA,NA
15598799,Diaphus subtilis,"NA",europe,NA,NA
15598812,Diaphus termophilus,"NA",europe,NA,NA
15598815,Hygophum macrochir,"NA",europe,NA,NA
15598887,Hygophum reinhardtii,"NA",europe,NA,NA
15598938,Hygophum taaningi,"NA",europe,NA,NA
15598948,Lampadena anomala,"NA",europe,NA,NA
15598951,Lampadena chavesi,"NA",europe,NA,NA
15598957,Lampadena luminosa,"NA",europe,NA,NA
15599060,Lampanyctus alatus,"NA",europe,NA,NA
15599067,Lampanyctus festivus,"NA",europe,NA,NA
15599070,Lampanyctus intricarius,LC,europe,0,LC
15599123,Lepidophanes gaussi,LC,europe,0,LC
15599136,Lepidophanes guentheri,"NA",europe,NA,NA
15599150,Myctophum affine,"NA",europe,NA,NA
15600453,Myctophum nitidulum,"NA",europe,NA,NA
15600731,Nannobrachium atrum,LC,europe,0,LC
15600738,Nannobrachium cuprarium,"NA",europe,NA,NA
15601865,Notoscopelus caudispinosus,"NA",europe,NA,NA
15601872,Notoscopelus resplendens,LC,europe,0,LC
15601902,Taaningichthys minimus,"NA",europe,NA,NA
15601905,Taaningichthys paurolychnus,"NA",europe,NA,NA
15601909,Neoscopelus macrolepidotus,"NA",europe,NA,NA
15601913,Scopelengys tristis,"NA",europe,NA,NA
15601934,Leptochilichthys agassizii,LC,europe,0,LC
15601937,Nansenia atlantica,DD,europe,NA,DD
15601940,Nansenia tenera,DD,europe,NA,DD
15622233,Symphurus insularis,LC,europe,0,LC
15622649,Microchirus boscanion,LC,europe,0,LC
15622672,Microchirus wittei,"NA",europe,NA,NA
15622678,Solea senegalensis,DD,europe,NA,DD
15622684,Dagetichthys lusitanica,DD,europe,NA,DD
15622706,Polymixia nobilis,LC,europe,0,LC
15622789,Scorpaena laevis,DD,europe,NA,DD
15622835,Setarches guentheri,"NA",europe,NA,NA
15623273,Trigloporus lastoviza,DD,europe,NA,DD
16208224,Balaenoptera physalus,VU,mediterranean,0.4,VU
16369383,Tursiops truncatus,VU,mediterranean,0.4,VU
16370739,Physeter macrocephalus,EN,mediterranean,0.6,EN
16376479,Globicephala melas,DD,mediterranean,NA,DD
16378423,Grampus griseus,DD,mediterranean,NA,DD
16381144,Ziphius cavirostris,VU,mediterranean,0.4,VU
16404943,Aluterus monoceros,DD,europe,NA,DD
16407132,Antigonia capros,LC,europe,0,LC
16425354,Beryx splendens,NT,europe,0.2,NT
16431757,Caranx lugubris,"NA",europe,NA,NA
16439757,Cyttopsis rosea,DD,europe,NA,DD
16439848,Decapterus punctatus,DD,europe,NA,DD
16440027,Elagatis bipinnulata,"NA",europe,NA,NA
16441698,Synodus foetens,"NA",europe,NA,NA
16447855,Sargocentron hastatum,"NA",europe,NA,NA
16449531,Gephyroberyx darwinii,"NA",europe,NA,NA
16507347,Seriola rivoliana,LC,europe,0,LC
16509126,Gempylus serpens,"NA",europe,NA,NA
16509242,Nealotus tripes,"NA",europe,NA,NA
16509297,Promethichthys prometheus,LC,europe,0,LC
16545183,Nomeus gronovii,"NA",europe,NA,NA
16674437,Stenella coeruleoalba,VU,mediterranean,0.4,VU
16749737,Heteropriacanthus cruentatus,"NA",europe,NA,NA
16781113,Fistularia petimba,"NA",europe,NA,NA
16781168,Stephanolepis hispidus,LC,europe,0,LC
18123632,Anotopterus pharao,LC,europe,0,LC
18123960,Anoplogaster cornuta,LC,europe,0,LC
18124015,Diretmus argenteus,LC,europe,0,LC
18124888,Engraulis albidus,DD,europe,NA,DD
18125103,Pollachius pollachius,LC,europe,0,LC
18125145,Raniceps raninus,LC,europe,0,LC
18125208,Trisopterus esmarkii,LC,europe,0,LC
18125362,Ciliata mustela,LC,europe,0,LC
18125379,Ciliata septentrionalis,LC,europe,0,LC
18125776,Coryphaenoides armatus,LC,europe,0,LC
18125838,Coryphaenoides profundicolus,LC,europe,0,LC
18126034,Kumba dentoni,DD,europe,NA,DD
18126112,Trachonurus sulcatus,LC,europe,0,LC
18127641,Trachipterus arcticus,LC,europe,0,LC
18127741,Ceratias holboelli,LC,europe,0,LC
18127783,Chaunax suttkusi,LC,europe,0,LC
18127809,Bufoceratias wedli,DD,europe,NA,DD
18127828,Himantolophus compressus,DD,europe,NA,DD
18127836,Himantolophus groenlandicus,DD,europe,NA,DD
18127840,Melanocetus johnsonii,LC,europe,0,LC
18128090,Oneirodes carlsbergi,DD,europe,NA,DD
18128749,Oneirodes eschrichtii,LC,europe,0,LC
18128938,Lampanyctus macdonaldi,LC,europe,0,LC
18129278,Protomyctophum arcticum,LC,europe,0,LC
18129312,Neoscopelus microchir,LC,europe,0,LC
18138798,Sciadonus cryptophthalmus,DD,europe,NA,DD
18138812,Melodichthys hadrocephalus,DD,europe,NA,DD
18138815,Echiodon drummondii,LC,europe,0,LC
18138825,Bassozetus taenia,DD,europe,NA,DD
18138837,Brotulotaenia brevicauda,"NA",europe,NA,NA
18138869,Monomitopus metriostoma,LC,europe,0,LC
18139045,Spectrunculus grandis,LC,europe,0,LC
18139074,Alepocephalus productus,LC,europe,0,LC
18139615,Conocara murrayi,LC,europe,0,LC
18140291,Narcetes stomias,LC,europe,0,LC
18140358,Bathylagichthys greyae,LC,europe,0,LC
18140736,Dolicholagus longirostris,LC,europe,0,LC
18140801,Nansenia groenlandica,DD,europe,NA,DD
18140823,Dolichopteryx rostrata,DD,europe,NA,DD
18140829,Opisthoproctus grimaldii,LC,europe,0,LC
18155920,Opisthoproctus soleatus,LC,europe,0,LC
18155933,Barbantus curvifrons,LC,europe,0,LC
18155939,Holtbyrnia anomala,LC,europe,0,LC
18155943,Holtbyrnia macrops,LC,europe,0,LC
18155946,Maulisia mauli,LC,europe,0,LC
18155949,Normichthys operosus,LC,europe,0,LC
18155952,Sagamichthys schnakenbecki,LC,europe,0,LC
18155960,Ammodytes tobianus,DD,europe,NA,DD
18155963,Gymnammodytes semisquamatus,LC,europe,0,LC
18155982,Hyperoplus lanceolatus,LC,europe,0,LC
18156550,Taractes asper,"NA",europe,NA,NA
18158331,Selene dorsalis,"NA",europe,NA,NA
18158359,Seriola carpenteri,LC,europe,0,LC
18158445,Platyberyx opalescens,DD,europe,NA,DD
18158483,Centrodraco acanthopoma,LC,europe,0,LC
18158583,Nesiarchus nasutus,LC,europe,0,LC
18159126,Buenia jeffreysii,LC,europe,0,LC
18159556,Gobius gasteveni,LC,europe,0,LC
18159817,Gobiusculus flavescens,LC,europe,0,LC
18159823,Lebetus scorpioides,LC,europe,0,LC
18160428,Lesueurigobius sanzi,LC,europe,0,LC
18160456,Ponticola cephalargoides,LC,europe,0,LC
18160468,Ponticola platyrostris,LC,europe,0,LC
18160573,Pomatoschistus lozanoi,LC,europe,0,LC
18161514,Vanneaugobius pruvoti,LC,europe,0,LC
18179793,Aphanopus carbo,LC,europe,0,LC
18179796,Benthodesmus simonyi,LC,europe,0,LC
18180983,Pachycara bulbiceps,DD,europe,NA,DD
18180998,Pachycara crassiceps,DD,europe,NA,DD
18214503,Arnoglossus grohmanni,DD,europe,NA,DD
18214863,Limanda limanda,LC,europe,0,LC
18227064,Phrynorhombus norvegicus,LC,europe,0,LC
18227109,Cyema atrum,LC,europe,0,LC
18227119,Eurypharynx pelecanoides,LC,europe,0,LC
18227123,Saccopharynx ampullaceus,DD,europe,NA,DD
18227168,Agonus cataphractus,LC,europe,0,LC
18237151,Micrenophrys lilljeborgii,LC,europe,0,LC
18237502,Careproctus aciculipunctatus,DD,europe,NA,DD
18237516,Careproctus merretti,DD,europe,NA,DD
18237707,Liparis montagui,LC,europe,0,LC
18237712,Paraliparis abyssorum,DD,europe,NA,DD
18237739,Paraliparis bipolaris,DD,europe,NA,DD
18237772,Paraliparis hystrix,DD,europe,NA,DD
18237775,Psednos spirohira,DD,europe,NA,DD
18237796,Cottunculus konstantinovi,DD,europe,NA,DD
18238049,Scopelogadus beanii,LC,europe,0,LC
18252612,Cyclothone acclinidens,LC,europe,0,LC
18252616,Cyclothone livida,LC,europe,0,LC
18252619,Cyclothone pallida,LC,europe,0,LC
18252629,Cyclothone pseudopallida,LC,europe,0,LC
18252702,Diplophos taenia,LC,europe,0,LC
18252718,Gonostoma elongatum,LC,europe,0,LC
18252849,Margrethia obtusirostra,LC,europe,0,LC
18252853,Sigmops bathyphilus,LC,europe,0,LC
18252941,Polymetme corythaeola,LC,europe,0,LC
18252952,Vinciguerria nimbaria,LC,europe,0,LC
18253276,Argyropelecus aculeatus,LC,europe,0,LC
18253282,Argyropelecus gigas,LC,europe,0,LC
18253287,Argyropelecus olfersii,LC,europe,0,LC
18253296,Sternoptyx diaphana,LC,europe,0,LC
18253303,Valenciennellus tripunctulatus,LC,europe,0,LC
18256447,Astronesthes gemmifer,LC,europe,0,LC
18256458,Bathophilus digitatus,DD,europe,NA,DD
18256490,Bathophilus vaillanti,LC,europe,0,LC
18256504,Borostomias abyssorum,DD,europe,NA,DD
18256560,Echiostoma barbatum,LC,europe,0,LC
18256726,Eustomias braueri,DD,europe,NA,DD
18256883,Eustomias filifer,LC,europe,0,LC
18256943,Eustomias obscurus,LC,europe,0,LC
18256992,Flagellostomias boureei,LC,europe,0,LC
18257189,Grammatostomias flagellibarba,LC,europe,0,LC
18257198,Idiacanthus fasciola,LC,europe,0,LC
18257269,Leptostomias gladiator,LC,europe,0,LC
18257303,Melanostomias bartonbeani,LC,europe,0,LC
18257306,Melanostomias macrophotus,LC,europe,0,LC
18257309,Melanostomias valdiviae,LC,europe,0,LC
18257331,Neonesthes capensis,LC,europe,0,LC
18257417,Pachystomias microdon,LC,europe,0,LC
18257501,Rhadinesthes decimus,LC,europe,0,LC
18257533,Stomias brevibarbatus,LC,europe,0,LC
18257655,Stomias longibarbatus,LC,europe,0,LC
18257684,Trigonolampa miriceps,LC,europe,0,LC
18257696,Grammicolepis brachiusculus,DD,europe,NA,DD
18257762,Spinachia spinachia,LC,europe,0,LC
18258072,Entelurus aequoreus,LC,europe,0,LC
18258153,Minyichthys sentus,DD,mediterranean,NA,DD
18258153,Minyichthys sentus,DD,europe,NA,DD
18258202,Nerophis lumbriciformis,LC,europe,0,LC
18258249,Syngnathus rostellatus,DD,mediterranean,NA,DD
18258249,Syngnathus rostellatus,LC,europe,0,LC
18258256,Syngnathus schmidti,DD,mediterranean,NA,DD
18258256,Syngnathus schmidti,DD,europe,NA,DD
18258266,Syngnathus variegatus,DD,europe,NA,DD
18258584,Apletodon bacescui,LC,europe,0,LC
18584848,Pristis pristis,CR,mediterranean,0.8,CR
18584848,Pristis pristis,CR,europe,0.8,CR
20662018,Rosenblattichthys hubbsi,"NA",europe,NA,NA
20665551,Diplospinus multistriatus,"NA",europe,NA,NA
20665719,Howella simplex,"NA",europe,NA,NA
20665743,Howella atlantica,LC,europe,0,LC
21108245,Maulisia microlepis,"NA",europe,NA,NA
21110117,Hoplostethus cadenati,"NA",europe,NA,NA
21110389,Apletodon pellegrini,DD,europe,NA,DD
21112632,Radiicephalus elongatus,"NA",europe,NA,NA
21112669,Stylephorus chordatus,"NA",europe,NA,NA
21112836,Fowlerichthys senegalensis,"NA",europe,NA,NA
21112867,Caulophryne polynema,"NA",europe,NA,NA
21113904,Kali indica,"NA",europe,NA,NA
21130109,Didogobius kochi,LC,europe,0,LC
21130979,Vanneaugobius canariensis,LC,europe,0,LC
21132418,Scombrolabrax heterolepis,"NA",europe,NA,NA
21132668,Trachinus pellegrini,DD,europe,NA,DD
21132672,Aphanopus intermedius,LC,europe,0,LC
21132822,Melamphaes simus,"NA",europe,NA,NA
21132825,Cyclothone obscura,"NA",europe,NA,NA
21132828,Gonostoma atlanticum,"NA",europe,NA,NA
21132859,Argyropelecus sladeni,"NA",europe,NA,NA
21132889,Aristostomias grimaldii,"NA",europe,NA,NA
21132901,Aristostomias xenostoma,"NA",europe,NA,NA
21132910,Astronesthes indicus,"NA",europe,NA,NA
21132914,Astronesthes micropogon,"NA",europe,NA,NA
21132917,Astronesthes neopogon,"NA",europe,NA,NA
21132928,Bathophilus brevis,"NA",europe,NA,NA
21132935,Bathophilus longipinnis,"NA",europe,NA,NA
21132953,Bathophilus pawneei,"NA",europe,NA,NA
21132963,Borostomias elucens,"NA",europe,NA,NA
21132986,Eustomias enbarbatus,"NA",europe,NA,NA
21132989,Eustomias fissibarbis,"NA",europe,NA,NA
21132997,Eustomias lipochirus,"NA",europe,NA,NA
21133000,Eustomias macronema,"NA",europe,NA,NA
21133010,Eustomias schmidti,"NA",europe,NA,NA
21133018,Grammatostomias dentatus,"NA",europe,NA,NA
21133035,Leptostomias haplocaulus,"NA",europe,NA,NA
21133039,Leptostomias longibarba,"NA",europe,NA,NA
21133050,Melanostomias tentaculatus,"NA",europe,NA,NA
21133091,Photonectes braueri,"NA",europe,NA,NA
21133099,Photonectes dinema,"NA",europe,NA,NA
21133108,Photonectes margarita,"NA",europe,NA,NA
21133116,Photonectes mirabilis,"NA",europe,NA,NA
21133172,Aulostomus strigosus,LC,europe,0,LC
21133207,Zenion hololepis,"NA",europe,NA,NA
22679872,Anser brachyrhynchus,LC,europe,0,LC
22679881,Anser albifrons,LC,europe,0,LC
22679896,Anser caerulescens,LC,europe,0,LC
22679943,Branta leucopsis,LC,europe,0,LC
22679946,Branta bernicla,LC,europe,0,LC
22680024,Tadorna tadorna,LC,europe,0,LC
22680157,Mareca penelope,LC,europe,0,LC
22680247,Spatula clypeata,LC,europe,0,LC
22680301,Anas acuta,LC,europe,0,LC
22680313,Spatula querquedula,LC,europe,0,LC
22680358,Aythya ferina,VU,europe,0.4,VU
22680391,Aythya fuligula,LC,europe,0,LC
22680398,Aythya marila,VU,europe,0.4,VU
22680405,Somateria mollissima,VU,europe,0.4,VU
22680409,Somateria spectabilis,LC,europe,0,LC
22680415,Polysticta stelleri,LC,europe,0,LC
22680423,Histrionicus histrionicus,LC,europe,0,LC
22680427,Clangula hyemalis,VU,europe,0.4,VU
22680455,Bucephala clangula,LC,europe,0,LC
22680465,Mergellus albellus,LC,europe,0,LC
22680485,Mergus serrator,NT,europe,0.2,NT
22680492,Mergus merganser,LC,europe,0,LC
22683027,Alcedo atthis,VU,europe,0.4,VU
22683645,Ceryle rudis,EN,europe,0.6,EN
22686806,Apus unicolor,LC,europe,0,LC
22686815,Apus pallidus,LC,europe,0,LC
22692146,Grus grus,LC,europe,0,LC
22692667,Zapornia pusilla,LC,europe,0,LC
22692913,Fulica atra,NT,europe,0.2,NT
22693133,Lymnocryptes minimus,LC,europe,0,LC
22693150,Limosa limosa,VU,europe,0.4,VU
22693158,Limosa lapponica,LC,europe,0,LC
22693178,Numenius phaeopus,LC,europe,0,LC
22693185,Numenius tenuirostris,CR,europe,0.8,CR
22693190,Numenius arquata,VU,europe,0.4,VU
22693207,Tringa erythropus,LC,europe,0,LC
22693211,Tringa totanus,LC,europe,0,LC
22693216,Tringa stagnatilis,LC,europe,0,LC
22693220,Tringa nebularia,LC,europe,0,LC
22693251,Xenus cinereus,LC,europe,0,LC
22693264,Actitis hypoleucos,LC,europe,0,LC
22693336,Arenaria interpres,LC,europe,0,LC
22693363,Calidris canutus,LC,europe,0,LC
22693369,Calidris alba,LC,europe,0,LC
22693379,Calidris minuta,LC,europe,0,LC
22693388,Calidris temminckii,LC,europe,0,LC
22693404,Calidris bairdii,LC,europe,0,LC
22693420,Calidris maritima,LC,europe,0,LC
22693427,Calidris alpina,LC,europe,0,LC
22693431,Calidris ferruginea,VU,europe,0.4,VU
22693464,Calidris falcinellus,LC,europe,0,LC
22693468,Calidris pugnax,LC,europe,0,LC
22693490,Phalaropus lobatus,LC,europe,0,LC
22693494,Phalaropus fulicarius,LC,europe,0,LC
22693621,Haematopus meadewaldoi,EX,europe,1,EX
22693712,Recurvirostra avosetta,LC,europe,0,LC
22693727,Pluvialis apricaria,LC,europe,0,LC
22693749,Pluvialis squatarola,LC,europe,0,LC
22693759,Charadrius hiaticula,LC,europe,0,LC
22693770,Charadrius dubius,LC,europe,0,LC
22693862,Charadrius leschenaultii,VU,europe,0.4,VU
22693868,Charadrius asiaticus,RE,europe,NA,NA
22693949,Vanellus vanellus,VU,europe,0.4,VU
22693983,Vanellus spinosus,LC,europe,0,LC
22694127,Glareola pratincola,LC,europe,0,LC
22694160,Catharacta skua,LC,europe,0,LC
22694240,Stercorarius pomarinus,LC,europe,0,LC
22694245,Stercorarius parasiticus,LC,europe,0,LC
22694251,Stercorarius longicaudus,LC,europe,0,LC
22694308,Larus canus,LC,europe,0,LC
22694313,Larus audouinii,LC,europe,0,LC
22694324,Larus marinus,LC,europe,0,LC
22694343,Larus hyperboreus,LC,europe,0,LC
22694357,Larus armenicus,NT,europe,0.2,NT
22694373,Larus fuscus,LC,europe,0,LC
22694379,Larus ichthyaetus,LC,europe,0,LC
22694420,Larus ridibundus,LC,europe,0,LC
22694428,Larus genei,LC,europe,0,LC
22694443,Larus melanocephalus,LC,europe,0,LC
22694469,Hydrocoloeus minutus,NT,europe,0.2,NT
22694473,Pagophila eburnea,LC,europe,0,LC
22694476,Rhodostethia rosea,EN,europe,0.6,EN
22694479,Xema sabini,LC,europe,0,LC
22694497,Rissa tridactyla,VU,europe,0.4,VU
22694524,Hydroprogne caspia,LC,europe,0,LC
22694591,Thalasseus sandvicensis,LC,europe,0,LC
22694601,Sterna dougallii,LC,europe,0,LC
22694623,Sterna hirundo,LC,europe,0,LC
22694629,Sterna paradisaea,LC,europe,0,LC
22694656,Sternula albifrons,LC,europe,0,LC
22694764,Chlidonias hybrida,LC,europe,0,LC
22694782,Chlidonias leucopterus,LC,europe,0,LC
22694787,Chlidonias niger,LC,europe,0,LC
22694837,Alle alle,LC,europe,0,LC
22694841,Uria aalge,NT,europe,0.2,NT
22694847,Uria lomvia,LC,europe,0,LC
22694852,Alca torda,NT,europe,0.2,NT
22694856,Pinguinus impennis,EX,europe,1,EX
22694861,Cepphus grylle,LC,europe,0,LC
22694927,Fratercula arctica,EN,europe,0.6,EN
22694938,Pandion haliaetus,LC,europe,0,LC
22695137,Haliaeetus albicilla,LC,europe,0,LC
22696453,Falco columbarius,LC,europe,0,LC
22696495,Falco cherrug,VU,europe,0.4,VU
22696500,Falco rusticolus,LC,europe,0,LC
22696545,Tachybaptus ruficollis,LC,europe,0,LC
22696599,Podiceps grisegena,LC,europe,0,LC
22696602,Podiceps cristatus,LC,europe,0,LC
22696606,Podiceps auritus,NT,europe,0.2,NT
22696610,Podiceps nigricollis,LC,europe,0,LC
22696657,Morus bassanus,LC,europe,0,LC
22696705,Anhinga rufa,RE,europe,NA,NA
22696792,Phalacrocorax carbo,LC,europe,0,LC
22696894,Gulosus aristotelis,LC,europe,0,LC
22696993,Ardea cinerea,LC,europe,0,LC
22697031,Ardea purpurea,LC,europe,0,LC
22697043,Ardea alba,LC,europe,0,LC
22697123,Ardeola ralloides,LC,europe,0,LC
22697211,Nycticorax nycticorax,LC,europe,0,LC
22697360,Phoenicopterus roseus,LC,europe,0,LC
22697555,Platalea leucorodia,LC,europe,0,LC
22697590,Pelecanus onocrotalus,LC,europe,0,LC
22697599,Pelecanus crispus,LC,europe,0,LC
22697829,Gavia stellata,LC,europe,0,LC
22697834,Gavia arctica,LC,europe,0,LC
22697842,Gavia immer,VU,europe,0.4,VU
22697847,Gavia adamsii,VU,europe,0.4,VU
22697866,Fulmarus glacialis,EN,europe,0.6,EN
22698062,Pterodroma madeira,EN,europe,0.6,EN
22698132,Bulweria bulwerii,LC,europe,0,LC
22698226,Puffinus puffinus,LC,europe,0,LC
22698230,Puffinus yelkouan,LC,europe,0,LC
22698453,Pelagodroma marina,EN,europe,0.6,EN
22698477,Hydrobates pelagicus,LC,europe,0,LC
22705916,Pyrrhocorax pyrrhocorax,LC,europe,0,LC
22705929,Corvus monedula,LC,europe,0,LC
22706016,Corvus corone,LC,europe,0,LC
22709707,Cyanecula svecica,LC,europe,0,LC
22710051,Phoenicurus ochruros,LC,europe,0,LC
22710259,Oenanthe leucura,VU,europe,0.4,VU
22710333,Oenanthe isabellina,LC,europe,0,LC
22710886,Sturnus vulgaris,LC,europe,0,LC
22713491,Cisticola juncidis,LC,europe,0,LC
22716971,Sylvia mystacea,LC,europe,0,LC
22716976,Sylvia conspicillata,LC,europe,0,LC
22716984,Sylvia undata,NT,europe,0.2,NT
22717383,Galerida cristata,LC,europe,0,LC
22717434,Eremophila alpestris,LC,europe,0,LC
22718379,Motacilla citreola,LC,europe,0,LC
22718556,Anthus pratensis,NT,europe,0.2,NT
22718560,Anthus cervinus,LC,europe,0,LC
22718567,Anthus petrosus,LC,europe,0,LC
22721033,Calcarius lapponicus,LC,europe,0,LC
22721043,Plectrophenax nivalis,LC,europe,0,LC
22724836,Melanitta fusca,VU,europe,0.4,VU
22724879,Melanitta nigra,LC,europe,0,LC
22725846,Halcyon smyrnensis,VU,europe,0.4,VU
22727487,Charadrius alexandrinus,LC,europe,0,LC
22727969,Himantopus himantopus,LC,europe,0,LC
22728432,Puffinus mauretanicus,CR,europe,0.8,CR
22732244,Calonectris borealis,LC,europe,0,LC
22734972,Milvus migrans,LC,europe,0,LC
22735624,Hydrobates monteiroi,VU,europe,0.4,VU
22735929,Larus cachinnans,LC,europe,0,LC
22736135,Pterodroma deserta,VU,europe,0.4,VU
42830239,Melanocetus murrayi,"NA",europe,NA,NA
42830251,Chaenophryne ramifera,"NA",europe,NA,NA
42830260,Dolopichthys allector,"NA",europe,NA,NA
42830277,Microlophichthys microlophus,"NA",europe,NA,NA
42830286,Photocorynus spiniceps,"NA",europe,NA,NA
42874318,Sphyraena intermedia,DD,mediterranean,NA,DD
42874318,Sphyraena intermedia,DD,europe,NA,DD
45061132,Calonectris diomedea,LC,europe,0,LC
45354964,Falco peregrinus,LC,europe,0,LC
45959182,Puffinus lherminieri,NT,europe,0.2,NT
46086190,Kyphosus vaigiensis,DD,europe,NA,DD
47145180,Psenes maculatus,"NA",europe,NA,NA
47164926,Coccorella atlantica,"NA",europe,NA,NA
47165317,Eustomias longibarba,"NA",europe,NA,NA
47165363,Eustomias macrurus,"NA",europe,NA,NA
47165472,Photonectes parvimanus,"NA",europe,NA,NA
47165490,Photostomias goodyeari,"NA",europe,NA,NA
49911704,Trisopterus capelanus,LC,mediterranean,0,LC
49911704,Trisopterus capelanus,LC,europe,0,LC
50011071,Maasella edwardsi,DD,mediterranean,NA,DD
50012470,Paramuricea macrospina,DD,mediterranean,NA,DD
50012660,Spinimuricea klavereni,DD,mediterranean,NA,DD
50016125,Crassophyllum thessalonicae,EN,mediterranean,0.6,EN
50016125,Crassophyllum thessalonicae,EN,europe,0.6,EN
50020621,Clavularia crassa,LC,mediterranean,0,LC
50020625,Clavularia carpediem,DD,mediterranean,NA,DD
50078139,Monochirus atlanticus,LC,europe,0,LC
50107293,Bunodeopsis strumosa,DD,mediterranean,NA,DD
50107605,Actinia cari,DD,mediterranean,NA,DD
50107605,Actinia cari,DD,europe,NA,DD
50108167,Actinia striata,DD,mediterranean,NA,DD
50113293,Condylactis aurantiaca,LC,mediterranean,0,LC
50113365,Cribrinopsis crassa,LC,mediterranean,0,LC
50113365,Cribrinopsis crassa,LC,europe,0,LC
50148677,Paranemonia cinerea,DD,mediterranean,NA,DD
50148695,Paranemonia vouliagmeniensis,EN,mediterranean,0.6,EN
50148695,Paranemonia vouliagmeniensis,EN,europe,0.6,EN
50148787,Segonzactis hartogi,DD,mediterranean,NA,DD
50148787,Segonzactis hartogi,DD,europe,NA,DD
50148930,Phymanthus pulcher,DD,mediterranean,NA,DD
50149061,Ceratotrochus magnaghii,DD,mediterranean,NA,DD
50160898,Cladopsammia rolandi,DD,mediterranean,NA,DD
50161085,Epizoanthus frenzeli,DD,mediterranean,NA,DD
50161085,Epizoanthus frenzeli,DD,europe,NA,DD
50161089,Epizoanthus mediterraneus,DD,mediterranean,NA,DD
50161089,Epizoanthus mediterraneus,DD,europe,NA,DD
50161091,Epizoanthus paguricola,DD,mediterranean,NA,DD
50161091,Epizoanthus paguricola,DD,europe,NA,DD
50161093,Epizoanthus paxii,DD,mediterranean,NA,DD
50161093,Epizoanthus paxii,DD,europe,NA,DD
50161095,Epizoanthus steueri,DD,mediterranean,NA,DD
50161095,Epizoanthus steueri,DD,europe,NA,DD
56084246,Lycenchelys platyrhina,DD,europe,NA,DD
56779782,Chromogobius britoi,LC,europe,0,LC
56852298,Kyphosus bigibbus,DD,europe,NA,DD
57452852,Meteoria erythrops,DD,europe,NA,DD
57453548,Aphyonus gelatinosus,LC,europe,0,LC
57453584,Nybelinella erikssoni,DD,europe,NA,DD
57453648,Bythites islandicus,DD,europe,NA,DD
57453696,Holcomycteronus squamosus,DD,europe,NA,DD
57453720,Maulisia argipalla,DD,europe,NA,DD
57453743,Bajacalifornia calcarata,DD,europe,NA,DD
57693936,Bathyonus laticeps,LC,europe,0,LC
57714556,Barathrites iris,DD,europe,NA,DD
57825241,Einara edentula,DD,europe,NA,DD
58241062,Dolichopteryx longipes,LC,europe,0,LC
60469186,Alepisaurus brevirostris,"NA",europe,NA,NA
60469232,Aristostomias lunifer,"NA",europe,NA,NA
60469264,Bassozetus levistomatus,"NA",europe,NA,NA
60469712,Cetomimus hempeli,DD,europe,NA,DD
60469804,Chaenophryne draco,"NA",europe,NA,NA
60469877,Ctenochirichthys longimanus,"NA",europe,NA,NA
60469980,Cyclothone parapallida,"NA",europe,NA,NA
60470344,Diplecogaster ctenocrypta,DD,europe,NA,DD
60470358,Dolopichthys jubatus,"NA",europe,NA,NA
60470361,Dolopichthys pullatus,"NA",europe,NA,NA
60470382,Eustomias contiguus,"NA",europe,NA,NA
60470418,Eustomias satterleei,"NA",europe,NA,NA
60470422,Eustomias simplex,"NA",europe,NA,NA
60470467,Gadomus arcuatus,DD,europe,NA,DD
60470680,Gigantactis ios,LC,europe,0,LC
60470687,Gigantactis vanhoeffeni,"NA",europe,NA,NA
60470770,Haplophryne mollis,"NA",europe,NA,NA
60470792,Himantolophus albinares,"NA",europe,NA,NA
60470817,Himantolophus brevirostris,"NA",europe,NA,NA
60471195,Hymenogadus gracilis,"NA",europe,NA,NA
60471792,Kali kerberti,"NA",europe,NA,NA
60471825,Kali macrura,"NA",europe,NA,NA
60471850,Laemonema robustum,"NA",europe,NA,NA
60471855,Lampadena speculigera,"NA",europe,NA,NA
60471860,Lampanyctus photonotus,"NA",europe,NA,NA
60471901,Lamprogrammus niger,"NA",europe,NA,NA
60471925,Lasiognathus saccostoma,"NA",europe,NA,NA
60471934,Leptacanthichthys gracilispinis,"NA",europe,NA,NA
60472006,Linophryne maderensis,DD,europe,NA,DD
60472203,Linophryne polypogon,DD,europe,NA,DD
60472409,Linophryne racemifera,DD,europe,NA,DD
60472779,Linophryne sexfilis,DD,europe,NA,DD
60473762,Loweina interrupta,"NA",europe,NA,NA
60474290,Loweina rara,"NA",europe,NA,NA
60476220,Maurolicus amethystinopunctatus,LC,europe,0,LC
60477122,Melamphaes longivelis,"NA",europe,NA,NA
60477337,Melamphaes polylepis,"NA",europe,NA,NA
60477619,Melamphaes pumilus,"NA",europe,NA,NA
60477991,Melamphaes suborbitalis,"NA",europe,NA,NA
60478393,Melamphaes typhlops,"NA",europe,NA,NA
60481663,Monognathus nigeli,"NA",europe,NA,NA
60481712,Nansenia longicauda,"NA",europe,NA,NA
60481885,Narcetes erimelas,"NA",europe,NA,NA
60481914,Neoceratias spinifer,"NA",europe,NA,NA
60482037,Odontomacrurus murrayi,"NA",europe,NA,NA
60482063,Oneirodes clarkei,"NA",europe,NA,NA
60482102,Oneirodes macrosteus,"NA",europe,NA,NA
60482105,Oneirodes myrionemus,"NA",europe,NA,NA
60482248,Parabrotula plagiophthalma,"NA",europe,NA,NA
60482312,Penopus microphthalmus,"NA",europe,NA,NA
60482374,Pentherichthys atratus,"NA",europe,NA,NA
60482562,Phyllorhinichthys micractis,"NA",europe,NA,NA
60482748,Porogadus miles,"NA",europe,NA,NA
60482810,Poromitra capito,"NA",europe,NA,NA
60482859,Poromitra megalops,"NA",europe,NA,NA
60483083,Pseudoscopelus altipinnis,"NA",europe,NA,NA
60483092,Pseudoscopelus scutatus,"NA",europe,NA,NA
60483273,Rondeletia loricata,"NA",europe,NA,NA
60485860,Uncisudis longirostra,DD,europe,NA,DD
61934241,Dolopichthys danae,"NA",europe,NA,NA
61934264,Scopeloberyx robustus,"NA",europe,NA,NA
61984292,Gnatholepis thompsoni,LC,europe,0,LC
62026481,Gelochelidon nilotica,LC,europe,0,LC
62030608,Larus argentatus,NT,europe,0.2,NT
62030970,Larus michahellis,LC,europe,0,LC
64372284,Epizoanthus tergestinus,DD,mediterranean,NA,DD
64372284,Epizoanthus tergestinus,DD,europe,NA,DD
65475413,Epizoanthus univittatus,DD,mediterranean,NA,DD
65475413,Epizoanthus univittatus,DD,europe,NA,DD
65476067,Epizoanthus vagus,DD,mediterranean,NA,DD
65476067,Epizoanthus vagus,DD,europe,NA,DD
65476258,Arachnanthus oligopodus,DD,mediterranean,NA,DD
67962660,Brotulotaenia nigra,"NA",europe,NA,NA
67963784,Cetichthys indagator,"NA",europe,NA,NA
67963793,Coryphaenoides thelestomus,DD,europe,NA,DD
67963974,Gaidropsarus guttatus,DD,europe,NA,DD
67963992,Himantolophus mauli,LC,europe,0,LC
67964123,Lasiognathus amphirhamphus,DD,europe,NA,DD
67964394,Leptoderma macrophthalmum,DD,europe,NA,DD
67964577,Linophryne arcturi,"NA",europe,NA,NA
67964842,Linophryne brevibarbata,LC,europe,0,LC
67964953,Melamphaes falsidicus,"NA",europe,NA,NA
67965135,Mirapinna esau,DD,europe,NA,DD
67965222,Oneirodes anisacanthus,DD,europe,NA,DD
67965706,Oneirodes posti,DD,europe,NA,DD
67966147,Paraliparis nigellus,DD,europe,NA,DD
67966167,Poromitra nigriceps,LC,europe,0,LC
67966197,Protogrammus sousai,DD,europe,NA,DD
67966246,Sciadonus pedicellaris,"NA",europe,NA,NA
67966271,Scopelosaurus smithii,"NA",europe,NA,NA
67966291,Scorpaena canariensis,DD,europe,NA,DD
67966314,Spectrunculus crassus,LC,europe,0,LC
67966420,Uncisudis quadrimaculata,DD,europe,NA,DD
67966497,Puck pinnata,"NA",europe,NA,NA
67968236,Leucobrotula adipata,DD,europe,NA,DD
67968894,Antennatus nummifer,"NA",europe,NA,NA
68062225,Bathophilus proximus,DD,europe,NA,DD
68062262,Bathymicrops multispinis,"NA",europe,NA,NA
68063640,Eustomias dubius,"NA",europe,NA,NA
68064100,Eustomias radicifilis,DD,europe,NA,DD
68064267,Macroparalepis brevis,"NA",europe,NA,NA
68064271,Monognathus boehlkei,DD,europe,NA,DD
68064747,Paralepis brevirostris,"NA",europe,NA,NA
68064929,Pseudoscopelus obtusifrons,"NA",europe,NA,NA
68202649,Monognathus herringi,DD,europe,NA,DD
71942692,Lampadena atlantica,"NA",europe,NA,NA
91209505,Squalus acanthias,EN,mediterranean,0.6,EN
91209505,Squalus acanthias,EN,europe,0.6,EN
102998555,Alauda arvensis,LC,europe,0,LC
103773898,Oenanthe oenanthe,LC,europe,0,LC
104007058,Alaudala rufescens,LC,europe,0,LC
104050689,Glaucostegus cemiculus,EN,mediterranean,0.6,EN
104050689,Glaucostegus cemiculus,EN,europe,0.6,EN
124569516,Raja miraletus,LC,mediterranean,0,LC
124569516,Raja miraletus,LC,europe,0,LC
160075998,Pinna nobilis,CR,mediterranean,0.8,CR
