iucn_sid,stressor,sens
2060,oa,FALSE
2060,slr,TRUE
2060,sst,FALSE
3897,oa,FALSE
3897,slr,TRUE
3897,sst,FALSE
6336,oa,FALSE
6336,slr,NA
6336,sst,TRUE
6494,oa,FALSE
6494,slr,FALSE
6494,sst,FALSE
8010,oa,TRUE
8010,slr,FALSE
8010,sst,FALSE
8153,oa,FALSE
8153,slr,NA
8153,sst,TRUE
10340,oa,FALSE
10340,slr,TRUE
10340,sst,FALSE
11142,oa,FALSE
11142,slr,NA
11142,sst,FALSE
11696,oa,FALSE
11696,slr,FALSE
11696,sst,FALSE
12246,oa,FALSE
12246,slr,TRUE
12246,sst,TRUE
14049,oa,FALSE
14049,slr,FALSE
14049,sst,FALSE
15269,oa,FALSE
15269,slr,TRUE
15269,sst,TRUE
17023,oa,TRUE
17023,slr,FALSE
17023,sst,FALSE
31382,oa,FALSE
31382,slr,TRUE
31382,sst,FALSE
33705,oa,FALSE
33705,slr,TRUE
33705,sst,FALSE
34364,oa,FALSE
34364,slr,TRUE
34364,sst,FALSE
41670,oa,TRUE
41670,slr,NA
41670,sst,FALSE
44678,oa,FALSE
44678,slr,FALSE
44678,sst,FALSE
132859,oa,TRUE
132859,slr,NA
132859,sst,TRUE
132860,oa,TRUE
132860,slr,NA
132860,sst,TRUE
132861,oa,TRUE
132861,slr,NA
132861,sst,TRUE
132862,oa,TRUE
132862,slr,NA
132862,sst,TRUE
132863,oa,TRUE
132863,slr,NA
132863,sst,TRUE
132864,oa,TRUE
132864,slr,NA
132864,sst,TRUE
132865,oa,TRUE
132865,slr,NA
132865,sst,TRUE
132866,oa,TRUE
132866,slr,NA
132866,sst,TRUE
132867,oa,TRUE
132867,slr,NA
132867,sst,TRUE
132868,oa,TRUE
132868,slr,NA
132868,sst,TRUE
132869,oa,TRUE
132869,slr,NA
132869,sst,TRUE
132870,oa,TRUE
132870,slr,NA
132870,sst,TRUE
132871,oa,TRUE
132871,slr,NA
132871,sst,TRUE
132873,oa,TRUE
132873,slr,NA
132873,sst,TRUE
132874,oa,TRUE
132874,slr,NA
132874,sst,TRUE
132875,oa,TRUE
132875,slr,NA
132875,sst,TRUE
132876,oa,TRUE
132876,slr,NA
132876,sst,TRUE
132877,oa,TRUE
132877,slr,NA
132877,sst,TRUE
132878,oa,TRUE
132878,slr,NA
132878,sst,TRUE
132879,oa,TRUE
132879,slr,NA
132879,sst,TRUE
132880,oa,TRUE
132880,slr,NA
132880,sst,TRUE
132881,oa,TRUE
132881,slr,NA
132881,sst,TRUE
132882,oa,TRUE
132882,slr,NA
132882,sst,TRUE
132883,oa,TRUE
132883,slr,NA
132883,sst,TRUE
132884,oa,TRUE
132884,slr,NA
132884,sst,TRUE
132885,oa,TRUE
132885,slr,NA
132885,sst,TRUE
132886,oa,TRUE
132886,slr,NA
132886,sst,TRUE
132887,oa,TRUE
132887,slr,NA
132887,sst,TRUE
132888,oa,TRUE
132888,slr,NA
132888,sst,TRUE
132889,oa,TRUE
132889,slr,NA
132889,sst,TRUE
132890,oa,TRUE
132890,slr,NA
132890,sst,TRUE
132891,oa,TRUE
132891,slr,NA
132891,sst,TRUE
132892,oa,TRUE
132892,slr,NA
132892,sst,TRUE
132893,oa,TRUE
132893,slr,NA
132893,sst,TRUE
132894,oa,TRUE
132894,slr,NA
132894,sst,TRUE
132895,oa,TRUE
132895,slr,NA
132895,sst,TRUE
132896,oa,TRUE
132896,slr,NA
132896,sst,TRUE
132897,oa,TRUE
132897,slr,NA
132897,sst,TRUE
132898,oa,TRUE
132898,slr,NA
132898,sst,TRUE
132899,oa,TRUE
132899,slr,NA
132899,sst,TRUE
132900,oa,TRUE
132900,slr,NA
132900,sst,TRUE
132901,oa,TRUE
132901,slr,NA
132901,sst,TRUE
132902,oa,TRUE
132902,slr,NA
132902,sst,TRUE
132903,oa,TRUE
132903,slr,NA
132903,sst,TRUE
132904,oa,TRUE
132904,slr,NA
132904,sst,TRUE
132905,oa,TRUE
132905,slr,NA
132905,sst,TRUE
132906,oa,TRUE
132906,slr,NA
132906,sst,TRUE
132907,oa,TRUE
132907,slr,NA
132907,sst,TRUE
132908,oa,TRUE
132908,slr,NA
132908,sst,TRUE
132909,oa,TRUE
132909,slr,NA
132909,sst,TRUE
132910,oa,TRUE
132910,slr,NA
132910,sst,TRUE
132911,oa,TRUE
132911,slr,NA
132911,sst,TRUE
132912,oa,TRUE
132912,slr,NA
132912,sst,TRUE
132913,oa,TRUE
132913,slr,NA
132913,sst,TRUE
132914,oa,TRUE
132914,slr,NA
132914,sst,TRUE
132915,oa,TRUE
132915,slr,NA
132915,sst,TRUE
132916,oa,TRUE
132916,slr,NA
132916,sst,TRUE
132917,oa,TRUE
132917,slr,NA
132917,sst,TRUE
132918,oa,TRUE
132918,slr,NA
132918,sst,TRUE
132919,oa,TRUE
132919,slr,NA
132919,sst,TRUE
132920,oa,TRUE
132920,slr,NA
132920,sst,TRUE
132921,oa,TRUE
132921,slr,NA
132921,sst,TRUE
132922,oa,TRUE
132922,slr,NA
132922,sst,TRUE
132923,oa,TRUE
132923,slr,NA
132923,sst,TRUE
132924,oa,TRUE
132924,slr,NA
132924,sst,TRUE
132925,oa,TRUE
132925,slr,NA
132925,sst,TRUE
132927,oa,TRUE
132927,slr,NA
132927,sst,TRUE
132928,oa,TRUE
132928,slr,NA
132928,sst,TRUE
132929,oa,TRUE
132929,slr,NA
132929,sst,TRUE
132930,oa,TRUE
132930,slr,NA
132930,sst,TRUE
132931,oa,TRUE
132931,slr,NA
132931,sst,TRUE
132932,oa,TRUE
132932,slr,NA
132932,sst,TRUE
132933,oa,TRUE
132933,slr,NA
132933,sst,TRUE
132934,oa,TRUE
132934,slr,NA
132934,sst,TRUE
132935,oa,TRUE
132935,slr,NA
132935,sst,TRUE
132936,oa,TRUE
132936,slr,NA
132936,sst,TRUE
132937,oa,TRUE
132937,slr,NA
132937,sst,TRUE
132938,oa,TRUE
132938,slr,NA
132938,sst,TRUE
132939,oa,TRUE
132939,slr,NA
132939,sst,TRUE
132940,oa,TRUE
132940,slr,NA
132940,sst,TRUE
132941,oa,TRUE
132941,slr,NA
132941,sst,TRUE
132942,oa,TRUE
132942,slr,NA
132942,sst,TRUE
132943,oa,TRUE
132943,slr,NA
132943,sst,TRUE
132944,oa,TRUE
132944,slr,NA
132944,sst,TRUE
132945,oa,TRUE
132945,slr,NA
132945,sst,TRUE
132946,oa,TRUE
132946,slr,NA
132946,sst,TRUE
132947,oa,TRUE
132947,slr,NA
132947,sst,TRUE
132948,oa,TRUE
132948,slr,NA
132948,sst,TRUE
132949,oa,TRUE
132949,slr,NA
132949,sst,TRUE
132950,oa,TRUE
132950,slr,NA
132950,sst,TRUE
132951,oa,TRUE
132951,slr,NA
132951,sst,TRUE
132952,oa,TRUE
132952,slr,NA
132952,sst,TRUE
132953,oa,TRUE
132953,slr,NA
132953,sst,TRUE
132954,oa,TRUE
132954,slr,NA
132954,sst,TRUE
132955,oa,TRUE
132955,slr,NA
132955,sst,TRUE
132956,oa,TRUE
132956,slr,NA
132956,sst,TRUE
132957,oa,TRUE
132957,slr,NA
132957,sst,TRUE
132958,oa,TRUE
132958,slr,NA
132958,sst,TRUE
132959,oa,TRUE
132959,slr,NA
132959,sst,TRUE
132960,oa,TRUE
132960,slr,NA
132960,sst,TRUE
132961,oa,TRUE
132961,slr,NA
132961,sst,TRUE
132962,oa,TRUE
132962,slr,NA
132962,sst,TRUE
132963,oa,TRUE
132963,slr,NA
132963,sst,TRUE
132964,oa,TRUE
132964,slr,NA
132964,sst,TRUE
132965,oa,TRUE
132965,slr,NA
132965,sst,TRUE
132966,oa,TRUE
132966,slr,NA
132966,sst,TRUE
132967,oa,TRUE
132967,slr,NA
132967,sst,TRUE
132968,oa,TRUE
132968,slr,NA
132968,sst,TRUE
132969,oa,TRUE
132969,slr,NA
132969,sst,TRUE
132970,oa,TRUE
132970,slr,NA
132970,sst,TRUE
132971,oa,TRUE
132971,slr,NA
132971,sst,TRUE
132972,oa,TRUE
132972,slr,NA
132972,sst,TRUE
132973,oa,TRUE
132973,slr,NA
132973,sst,TRUE
132974,oa,TRUE
132974,slr,NA
132974,sst,TRUE
132975,oa,TRUE
132975,slr,NA
132975,sst,TRUE
132976,oa,TRUE
132976,slr,NA
132976,sst,TRUE
132977,oa,TRUE
132977,slr,NA
132977,sst,TRUE
132978,oa,TRUE
132978,slr,NA
132978,sst,TRUE
132979,oa,TRUE
132979,slr,NA
132979,sst,TRUE
132980,oa,TRUE
132980,slr,NA
132980,sst,TRUE
132981,oa,TRUE
132981,slr,NA
132981,sst,TRUE
132982,oa,TRUE
132982,slr,NA
132982,sst,TRUE
132983,oa,TRUE
132983,slr,NA
132983,sst,TRUE
132984,oa,TRUE
132984,slr,NA
132984,sst,TRUE
132985,oa,TRUE
132985,slr,NA
132985,sst,TRUE
132986,oa,TRUE
132986,slr,NA
132986,sst,TRUE
132987,oa,TRUE
132987,slr,NA
132987,sst,TRUE
132988,oa,TRUE
132988,slr,NA
132988,sst,TRUE
132989,oa,TRUE
132989,slr,NA
132989,sst,TRUE
132990,oa,TRUE
132990,slr,NA
132990,sst,TRUE
132991,oa,TRUE
132991,slr,NA
132991,sst,TRUE
132992,oa,TRUE
132992,slr,NA
132992,sst,TRUE
132993,oa,TRUE
132993,slr,NA
132993,sst,TRUE
132994,oa,TRUE
132994,slr,NA
132994,sst,TRUE
132995,oa,TRUE
132995,slr,NA
132995,sst,TRUE
132996,oa,TRUE
132996,slr,NA
132996,sst,TRUE
132997,oa,TRUE
132997,slr,NA
132997,sst,TRUE
132998,oa,TRUE
132998,slr,NA
132998,sst,TRUE
132999,oa,TRUE
132999,slr,NA
132999,sst,TRUE
133000,oa,TRUE
133000,slr,NA
133000,sst,TRUE
133001,oa,TRUE
133001,slr,NA
133001,sst,TRUE
133002,oa,TRUE
133002,slr,NA
133002,sst,TRUE
133003,oa,TRUE
133003,slr,NA
133003,sst,TRUE
133004,oa,TRUE
133004,slr,NA
133004,sst,TRUE
133005,oa,TRUE
133005,slr,NA
133005,sst,TRUE
133006,oa,TRUE
133006,slr,NA
133006,sst,TRUE
133007,oa,TRUE
133007,slr,NA
133007,sst,TRUE
133008,oa,TRUE
133008,slr,NA
133008,sst,TRUE
133009,oa,TRUE
133009,slr,NA
133009,sst,TRUE
133010,oa,TRUE
133010,slr,NA
133010,sst,TRUE
133011,oa,TRUE
133011,slr,NA
133011,sst,TRUE
133012,oa,TRUE
133012,slr,NA
133012,sst,TRUE
133013,oa,TRUE
133013,slr,NA
133013,sst,TRUE
133014,oa,TRUE
133014,slr,NA
133014,sst,TRUE
133015,oa,TRUE
133015,slr,NA
133015,sst,TRUE
133016,oa,TRUE
133016,slr,NA
133016,sst,TRUE
133017,oa,TRUE
133017,slr,NA
133017,sst,TRUE
133018,oa,TRUE
133018,slr,NA
133018,sst,TRUE
133019,oa,TRUE
133019,slr,NA
133019,sst,TRUE
133020,oa,TRUE
133020,slr,NA
133020,sst,TRUE
133021,oa,TRUE
133021,slr,NA
133021,sst,TRUE
133022,oa,TRUE
133022,slr,NA
133022,sst,TRUE
133023,oa,TRUE
133023,slr,NA
133023,sst,TRUE
133024,oa,TRUE
133024,slr,NA
133024,sst,TRUE
133025,oa,TRUE
133025,slr,NA
133025,sst,TRUE
133026,oa,TRUE
133026,slr,NA
133026,sst,TRUE
133027,oa,TRUE
133027,slr,NA
133027,sst,TRUE
133028,oa,TRUE
133028,slr,NA
133028,sst,TRUE
133029,oa,TRUE
133029,slr,NA
133029,sst,TRUE
133030,oa,TRUE
133030,slr,NA
133030,sst,TRUE
133031,oa,TRUE
133031,slr,NA
133031,sst,TRUE
133032,oa,TRUE
133032,slr,NA
133032,sst,TRUE
133033,oa,TRUE
133033,slr,NA
133033,sst,TRUE
133034,oa,TRUE
133034,slr,NA
133034,sst,TRUE
133035,oa,TRUE
133035,slr,NA
133035,sst,TRUE
133036,oa,TRUE
133036,slr,NA
133036,sst,TRUE
133037,oa,TRUE
133037,slr,NA
133037,sst,TRUE
133038,oa,TRUE
133038,slr,NA
133038,sst,TRUE
133039,oa,TRUE
133039,slr,NA
133039,sst,TRUE
133040,oa,TRUE
133040,slr,NA
133040,sst,TRUE
133041,oa,TRUE
133041,slr,NA
133041,sst,TRUE
133042,oa,TRUE
133042,slr,NA
133042,sst,TRUE
133043,oa,TRUE
133043,slr,NA
133043,sst,TRUE
133044,oa,TRUE
133044,slr,NA
133044,sst,TRUE
133045,oa,TRUE
133045,slr,NA
133045,sst,TRUE
133046,oa,TRUE
133046,slr,NA
133046,sst,TRUE
133047,oa,TRUE
133047,slr,NA
133047,sst,TRUE
133048,oa,TRUE
133048,slr,NA
133048,sst,TRUE
133049,oa,TRUE
133049,slr,NA
133049,sst,TRUE
133050,oa,TRUE
133050,slr,NA
133050,sst,TRUE
133051,oa,TRUE
133051,slr,NA
133051,sst,TRUE
133052,oa,TRUE
133052,slr,NA
133052,sst,TRUE
133053,oa,TRUE
133053,slr,NA
133053,sst,TRUE
133054,oa,TRUE
133054,slr,NA
133054,sst,TRUE
133055,oa,TRUE
133055,slr,NA
133055,sst,TRUE
133056,oa,TRUE
133056,slr,NA
133056,sst,TRUE
133057,oa,TRUE
133057,slr,NA
133057,sst,TRUE
133058,oa,TRUE
133058,slr,NA
133058,sst,TRUE
133059,oa,TRUE
133059,slr,NA
133059,sst,TRUE
133060,oa,TRUE
133060,slr,NA
133060,sst,TRUE
133061,oa,TRUE
133061,slr,NA
133061,sst,TRUE
133062,oa,TRUE
133062,slr,NA
133062,sst,TRUE
133063,oa,TRUE
133063,slr,NA
133063,sst,TRUE
133064,oa,TRUE
133064,slr,NA
133064,sst,TRUE
133066,oa,TRUE
133066,slr,NA
133066,sst,TRUE
133067,oa,TRUE
133067,slr,NA
133067,sst,TRUE
133068,oa,TRUE
133068,slr,NA
133068,sst,TRUE
133069,oa,TRUE
133069,slr,NA
133069,sst,TRUE
133070,oa,TRUE
133070,slr,NA
133070,sst,TRUE
133072,oa,TRUE
133072,slr,NA
133072,sst,TRUE
133073,oa,TRUE
133073,slr,NA
133073,sst,TRUE
133074,oa,TRUE
133074,slr,NA
133074,sst,TRUE
133075,oa,TRUE
133075,slr,NA
133075,sst,TRUE
133076,oa,TRUE
133076,slr,NA
133076,sst,TRUE
133077,oa,TRUE
133077,slr,NA
133077,sst,TRUE
133078,oa,TRUE
133078,slr,NA
133078,sst,TRUE
133079,oa,TRUE
133079,slr,NA
133079,sst,TRUE
133080,oa,TRUE
133080,slr,NA
133080,sst,TRUE
133081,oa,TRUE
133081,slr,NA
133081,sst,TRUE
133082,oa,TRUE
133082,slr,NA
133082,sst,TRUE
133083,oa,TRUE
133083,slr,NA
133083,sst,TRUE
133084,oa,TRUE
133084,slr,NA
133084,sst,TRUE
133085,oa,TRUE
133085,slr,NA
133085,sst,TRUE
133086,oa,TRUE
133086,slr,NA
133086,sst,TRUE
133087,oa,TRUE
133087,slr,NA
133087,sst,TRUE
133088,oa,TRUE
133088,slr,NA
133088,sst,TRUE
133089,oa,TRUE
133089,slr,NA
133089,sst,TRUE
133090,oa,TRUE
133090,slr,NA
133090,sst,TRUE
133091,oa,TRUE
133091,slr,NA
133091,sst,TRUE
133092,oa,TRUE
133092,slr,NA
133092,sst,TRUE
133093,oa,TRUE
133093,slr,NA
133093,sst,TRUE
133094,oa,TRUE
133094,slr,NA
133094,sst,TRUE
133095,oa,TRUE
133095,slr,NA
133095,sst,TRUE
133096,oa,TRUE
133096,slr,NA
133096,sst,TRUE
133097,oa,TRUE
133097,slr,NA
133097,sst,TRUE
133098,oa,TRUE
133098,slr,NA
133098,sst,TRUE
133099,oa,TRUE
133099,slr,NA
133099,sst,TRUE
133100,oa,TRUE
133100,slr,NA
133100,sst,TRUE
133101,oa,TRUE
133101,slr,NA
133101,sst,TRUE
133102,oa,TRUE
133102,slr,NA
133102,sst,TRUE
133103,oa,TRUE
133103,slr,NA
133103,sst,TRUE
133104,oa,TRUE
133104,slr,NA
133104,sst,TRUE
133105,oa,TRUE
133105,slr,NA
133105,sst,TRUE
133106,oa,TRUE
133106,slr,NA
133106,sst,TRUE
133107,oa,TRUE
133107,slr,NA
133107,sst,TRUE
133108,oa,TRUE
133108,slr,NA
133108,sst,TRUE
133109,oa,TRUE
133109,slr,NA
133109,sst,TRUE
133110,oa,TRUE
133110,slr,NA
133110,sst,TRUE
133111,oa,TRUE
133111,slr,NA
133111,sst,TRUE
133112,oa,TRUE
133112,slr,NA
133112,sst,TRUE
133113,oa,TRUE
133113,slr,NA
133113,sst,TRUE
133114,oa,TRUE
133114,slr,NA
133114,sst,TRUE
133115,oa,TRUE
133115,slr,NA
133115,sst,TRUE
133116,oa,TRUE
133116,slr,NA
133116,sst,TRUE
133117,oa,TRUE
133117,slr,NA
133117,sst,TRUE
133118,oa,TRUE
133118,slr,NA
133118,sst,TRUE
133119,oa,TRUE
133119,slr,NA
133119,sst,TRUE
133120,oa,TRUE
133120,slr,NA
133120,sst,TRUE
133121,oa,TRUE
133121,slr,NA
133121,sst,TRUE
133122,oa,TRUE
133122,slr,NA
133122,sst,TRUE
133123,oa,TRUE
133123,slr,NA
133123,sst,TRUE
133124,oa,TRUE
133124,slr,NA
133124,sst,TRUE
133125,oa,TRUE
133125,slr,NA
133125,sst,TRUE
133126,oa,TRUE
133126,slr,NA
133126,sst,TRUE
133127,oa,TRUE
133127,slr,NA
133127,sst,TRUE
133128,oa,TRUE
133128,slr,NA
133128,sst,TRUE
133129,oa,TRUE
133129,slr,NA
133129,sst,TRUE
133130,oa,TRUE
133130,slr,NA
133130,sst,TRUE
133131,oa,TRUE
133131,slr,NA
133131,sst,TRUE
133132,oa,TRUE
133132,slr,NA
133132,sst,TRUE
133133,oa,TRUE
133133,slr,NA
133133,sst,TRUE
133134,oa,TRUE
133134,slr,NA
133134,sst,TRUE
133135,oa,TRUE
133135,slr,NA
133135,sst,TRUE
133137,oa,TRUE
133137,slr,NA
133137,sst,TRUE
133138,oa,TRUE
133138,slr,NA
133138,sst,TRUE
133139,oa,TRUE
133139,slr,NA
133139,sst,TRUE
133140,oa,TRUE
133140,slr,NA
133140,sst,TRUE
133141,oa,TRUE
133141,slr,NA
133141,sst,TRUE
133143,oa,TRUE
133143,slr,NA
133143,sst,TRUE
133144,oa,TRUE
133144,slr,NA
133144,sst,TRUE
133145,oa,TRUE
133145,slr,NA
133145,sst,TRUE
133146,oa,TRUE
133146,slr,NA
133146,sst,TRUE
133147,oa,TRUE
133147,slr,NA
133147,sst,TRUE
133148,oa,TRUE
133148,slr,NA
133148,sst,TRUE
133149,oa,TRUE
133149,slr,NA
133149,sst,TRUE
133150,oa,TRUE
133150,slr,NA
133150,sst,TRUE
133151,oa,TRUE
133151,slr,NA
133151,sst,TRUE
133152,oa,TRUE
133152,slr,NA
133152,sst,TRUE
133153,oa,TRUE
133153,slr,NA
133153,sst,TRUE
133154,oa,TRUE
133154,slr,NA
133154,sst,TRUE
133155,oa,TRUE
133155,slr,NA
133155,sst,TRUE
133156,oa,TRUE
133156,slr,NA
133156,sst,TRUE
133157,oa,TRUE
133157,slr,NA
133157,sst,TRUE
133158,oa,TRUE
133158,slr,NA
133158,sst,TRUE
133159,oa,TRUE
133159,slr,NA
133159,sst,TRUE
133160,oa,TRUE
133160,slr,NA
133160,sst,TRUE
133161,oa,TRUE
133161,slr,NA
133161,sst,TRUE
133162,oa,TRUE
133162,slr,NA
133162,sst,TRUE
133163,oa,TRUE
133163,slr,NA
133163,sst,TRUE
133164,oa,TRUE
133164,slr,NA
133164,sst,TRUE
133165,oa,TRUE
133165,slr,NA
133165,sst,TRUE
133166,oa,TRUE
133166,slr,NA
133166,sst,TRUE
133167,oa,TRUE
133167,slr,NA
133167,sst,TRUE
133168,oa,TRUE
133168,slr,NA
133168,sst,TRUE
133169,oa,TRUE
133169,slr,NA
133169,sst,TRUE
133170,oa,TRUE
133170,slr,NA
133170,sst,TRUE
133171,oa,TRUE
133171,slr,NA
133171,sst,TRUE
133172,oa,TRUE
133172,slr,NA
133172,sst,TRUE
133173,oa,TRUE
133173,slr,NA
133173,sst,TRUE
133174,oa,TRUE
133174,slr,NA
133174,sst,TRUE
133175,oa,TRUE
133175,slr,NA
133175,sst,TRUE
133176,oa,TRUE
133176,slr,NA
133176,sst,TRUE
133177,oa,TRUE
133177,slr,NA
133177,sst,TRUE
133178,oa,TRUE
133178,slr,NA
133178,sst,TRUE
133179,oa,TRUE
133179,slr,NA
133179,sst,TRUE
133180,oa,TRUE
133180,slr,NA
133180,sst,TRUE
133182,oa,TRUE
133182,slr,NA
133182,sst,TRUE
133183,oa,TRUE
133183,slr,NA
133183,sst,TRUE
133184,oa,TRUE
133184,slr,NA
133184,sst,TRUE
133185,oa,TRUE
133185,slr,NA
133185,sst,TRUE
133186,oa,TRUE
133186,slr,NA
133186,sst,TRUE
133187,oa,TRUE
133187,slr,NA
133187,sst,TRUE
133188,oa,TRUE
133188,slr,NA
133188,sst,TRUE
133189,oa,TRUE
133189,slr,NA
133189,sst,TRUE
133190,oa,TRUE
133190,slr,NA
133190,sst,TRUE
133191,oa,TRUE
133191,slr,NA
133191,sst,TRUE
133192,oa,TRUE
133192,slr,NA
133192,sst,TRUE
133193,oa,TRUE
133193,slr,NA
133193,sst,TRUE
133194,oa,TRUE
133194,slr,NA
133194,sst,TRUE
133195,oa,TRUE
133195,slr,NA
133195,sst,TRUE
133196,oa,TRUE
133196,slr,NA
133196,sst,TRUE
133197,oa,TRUE
133197,slr,NA
133197,sst,TRUE
133198,oa,TRUE
133198,slr,NA
133198,sst,TRUE
133199,oa,TRUE
133199,slr,NA
133199,sst,TRUE
133200,oa,TRUE
133200,slr,NA
133200,sst,TRUE
133201,oa,TRUE
133201,slr,NA
133201,sst,TRUE
133202,oa,TRUE
133202,slr,NA
133202,sst,TRUE
133203,oa,TRUE
133203,slr,NA
133203,sst,TRUE
133204,oa,TRUE
133204,slr,NA
133204,sst,TRUE
133205,oa,TRUE
133205,slr,NA
133205,sst,TRUE
133206,oa,TRUE
133206,slr,NA
133206,sst,TRUE
133207,oa,TRUE
133207,slr,NA
133207,sst,TRUE
133208,oa,TRUE
133208,slr,NA
133208,sst,TRUE
133209,oa,TRUE
133209,slr,NA
133209,sst,TRUE
133210,oa,TRUE
133210,slr,NA
133210,sst,TRUE
133211,oa,TRUE
133211,slr,NA
133211,sst,TRUE
133212,oa,TRUE
133212,slr,NA
133212,sst,TRUE
133213,oa,TRUE
133213,slr,NA
133213,sst,TRUE
133214,oa,TRUE
133214,slr,NA
133214,sst,TRUE
133215,oa,TRUE
133215,slr,NA
133215,sst,TRUE
133216,oa,TRUE
133216,slr,NA
133216,sst,TRUE
133217,oa,TRUE
133217,slr,NA
133217,sst,TRUE
133218,oa,TRUE
133218,slr,NA
133218,sst,TRUE
133219,oa,TRUE
133219,slr,NA
133219,sst,TRUE
133220,oa,TRUE
133220,slr,NA
133220,sst,TRUE
133221,oa,TRUE
133221,slr,NA
133221,sst,TRUE
133222,oa,TRUE
133222,slr,NA
133222,sst,TRUE
133223,oa,TRUE
133223,slr,NA
133223,sst,TRUE
133224,oa,TRUE
133224,slr,NA
133224,sst,TRUE
133225,oa,TRUE
133225,slr,NA
133225,sst,TRUE
133226,oa,TRUE
133226,slr,NA
133226,sst,TRUE
133227,oa,TRUE
133227,slr,NA
133227,sst,TRUE
133228,oa,TRUE
133228,slr,NA
133228,sst,TRUE
133229,oa,TRUE
133229,slr,NA
133229,sst,TRUE
133230,oa,TRUE
133230,slr,NA
133230,sst,TRUE
133231,oa,TRUE
133231,slr,NA
133231,sst,TRUE
133232,oa,TRUE
133232,slr,NA
133232,sst,TRUE
133233,oa,TRUE
133233,slr,NA
133233,sst,TRUE
133234,oa,TRUE
133234,slr,NA
133234,sst,TRUE
133235,oa,TRUE
133235,slr,NA
133235,sst,TRUE
133236,oa,TRUE
133236,slr,NA
133236,sst,TRUE
133237,oa,TRUE
133237,slr,NA
133237,sst,TRUE
133238,oa,TRUE
133238,slr,NA
133238,sst,TRUE
133239,oa,TRUE
133239,slr,NA
133239,sst,TRUE
133241,oa,TRUE
133241,slr,NA
133241,sst,TRUE
133242,oa,TRUE
133242,slr,NA
133242,sst,TRUE
133243,oa,TRUE
133243,slr,NA
133243,sst,TRUE
133244,oa,TRUE
133244,slr,NA
133244,sst,TRUE
133245,oa,TRUE
133245,slr,NA
133245,sst,TRUE
133246,oa,TRUE
133246,slr,NA
133246,sst,TRUE
133247,oa,TRUE
133247,slr,NA
133247,sst,TRUE
133248,oa,TRUE
133248,slr,NA
133248,sst,TRUE
133249,oa,TRUE
133249,slr,NA
133249,sst,TRUE
133250,oa,TRUE
133250,slr,NA
133250,sst,TRUE
133251,oa,TRUE
133251,slr,NA
133251,sst,TRUE
133252,oa,TRUE
133252,slr,NA
133252,sst,TRUE
133253,oa,TRUE
133253,slr,NA
133253,sst,TRUE
133254,oa,TRUE
133254,slr,NA
133254,sst,TRUE
133255,oa,TRUE
133255,slr,NA
133255,sst,TRUE
133256,oa,TRUE
133256,slr,NA
133256,sst,TRUE
133257,oa,TRUE
133257,slr,NA
133257,sst,TRUE
133258,oa,TRUE
133258,slr,NA
133258,sst,TRUE
133259,oa,TRUE
133259,slr,NA
133259,sst,TRUE
133260,oa,TRUE
133260,slr,NA
133260,sst,TRUE
133261,oa,TRUE
133261,slr,NA
133261,sst,TRUE
133262,oa,TRUE
133262,slr,NA
133262,sst,TRUE
133263,oa,TRUE
133263,slr,NA
133263,sst,TRUE
133264,oa,TRUE
133264,slr,NA
133264,sst,TRUE
133265,oa,TRUE
133265,slr,NA
133265,sst,TRUE
133266,oa,TRUE
133266,slr,NA
133266,sst,TRUE
133267,oa,TRUE
133267,slr,NA
133267,sst,TRUE
133268,oa,TRUE
133268,slr,NA
133268,sst,TRUE
133269,oa,TRUE
133269,slr,NA
133269,sst,TRUE
133270,oa,TRUE
133270,slr,NA
133270,sst,TRUE
133271,oa,TRUE
133271,slr,NA
133271,sst,TRUE
133272,oa,TRUE
133272,slr,NA
133272,sst,TRUE
133273,oa,TRUE
133273,slr,NA
133273,sst,TRUE
133274,oa,TRUE
133274,slr,NA
133274,sst,TRUE
133275,oa,TRUE
133275,slr,NA
133275,sst,TRUE
133276,oa,TRUE
133276,slr,NA
133276,sst,TRUE
133277,oa,TRUE
133277,slr,NA
133277,sst,TRUE
133278,oa,TRUE
133278,slr,NA
133278,sst,TRUE
133279,oa,TRUE
133279,slr,NA
133279,sst,TRUE
133280,oa,TRUE
133280,slr,NA
133280,sst,TRUE
133281,oa,TRUE
133281,slr,NA
133281,sst,TRUE
133282,oa,TRUE
133282,slr,NA
133282,sst,TRUE
133283,oa,TRUE
133283,slr,NA
133283,sst,TRUE
133284,oa,TRUE
133284,slr,NA
133284,sst,TRUE
133285,oa,TRUE
133285,slr,NA
133285,sst,TRUE
133286,oa,TRUE
133286,slr,NA
133286,sst,TRUE
133287,oa,TRUE
133287,slr,NA
133287,sst,TRUE
133288,oa,TRUE
133288,slr,NA
133288,sst,TRUE
133289,oa,TRUE
133289,slr,NA
133289,sst,TRUE
133290,oa,TRUE
133290,slr,NA
133290,sst,TRUE
133291,oa,TRUE
133291,slr,NA
133291,sst,TRUE
133292,oa,TRUE
133292,slr,NA
133292,sst,TRUE
133293,oa,TRUE
133293,slr,NA
133293,sst,TRUE
133294,oa,TRUE
133294,slr,NA
133294,sst,TRUE
133295,oa,TRUE
133295,slr,NA
133295,sst,TRUE
133296,oa,TRUE
133296,slr,NA
133296,sst,TRUE
133297,oa,TRUE
133297,slr,NA
133297,sst,TRUE
133298,oa,TRUE
133298,slr,NA
133298,sst,TRUE
133299,oa,TRUE
133299,slr,NA
133299,sst,TRUE
133300,oa,TRUE
133300,slr,NA
133300,sst,TRUE
133301,oa,TRUE
133301,slr,NA
133301,sst,TRUE
133302,oa,TRUE
133302,slr,NA
133302,sst,TRUE
133303,oa,TRUE
133303,slr,NA
133303,sst,TRUE
133304,oa,TRUE
133304,slr,NA
133304,sst,TRUE
133305,oa,TRUE
133305,slr,NA
133305,sst,TRUE
133306,oa,TRUE
133306,slr,NA
133306,sst,TRUE
133307,oa,TRUE
133307,slr,NA
133307,sst,TRUE
133308,oa,TRUE
133308,slr,NA
133308,sst,TRUE
133309,oa,TRUE
133309,slr,NA
133309,sst,TRUE
133310,oa,TRUE
133310,slr,NA
133310,sst,TRUE
133311,oa,TRUE
133311,slr,NA
133311,sst,TRUE
133312,oa,TRUE
133312,slr,NA
133312,sst,TRUE
133313,oa,TRUE
133313,slr,NA
133313,sst,TRUE
133314,oa,TRUE
133314,slr,NA
133314,sst,TRUE
133315,oa,TRUE
133315,slr,NA
133315,sst,TRUE
133316,oa,TRUE
133316,slr,NA
133316,sst,TRUE
133317,oa,TRUE
133317,slr,NA
133317,sst,TRUE
133318,oa,TRUE
133318,slr,NA
133318,sst,TRUE
133319,oa,TRUE
133319,slr,NA
133319,sst,TRUE
133320,oa,TRUE
133320,slr,NA
133320,sst,TRUE
133321,oa,TRUE
133321,slr,NA
133321,sst,TRUE
133322,oa,TRUE
133322,slr,NA
133322,sst,TRUE
133323,oa,TRUE
133323,slr,NA
133323,sst,TRUE
133324,oa,TRUE
133324,slr,NA
133324,sst,TRUE
133325,oa,TRUE
133325,slr,NA
133325,sst,TRUE
133326,oa,TRUE
133326,slr,NA
133326,sst,TRUE
133327,oa,TRUE
133327,slr,NA
133327,sst,TRUE
133328,oa,TRUE
133328,slr,NA
133328,sst,TRUE
133329,oa,TRUE
133329,slr,NA
133329,sst,TRUE
133330,oa,TRUE
133330,slr,NA
133330,sst,TRUE
133331,oa,TRUE
133331,slr,NA
133331,sst,TRUE
133332,oa,TRUE
133332,slr,NA
133332,sst,TRUE
133333,oa,TRUE
133333,slr,NA
133333,sst,TRUE
133334,oa,TRUE
133334,slr,NA
133334,sst,TRUE
133335,oa,TRUE
133335,slr,NA
133335,sst,TRUE
133336,oa,TRUE
133336,slr,NA
133336,sst,TRUE
133337,oa,TRUE
133337,slr,NA
133337,sst,TRUE
133338,oa,TRUE
133338,slr,NA
133338,sst,TRUE
133339,oa,TRUE
133339,slr,NA
133339,sst,TRUE
133340,oa,TRUE
133340,slr,NA
133340,sst,TRUE
133341,oa,TRUE
133341,slr,NA
133341,sst,TRUE
133343,oa,TRUE
133343,slr,NA
133343,sst,TRUE
133344,oa,TRUE
133344,slr,NA
133344,sst,TRUE
133345,oa,TRUE
133345,slr,NA
133345,sst,TRUE
133346,oa,TRUE
133346,slr,NA
133346,sst,TRUE
133347,oa,TRUE
133347,slr,NA
133347,sst,TRUE
133348,oa,TRUE
133348,slr,NA
133348,sst,TRUE
133349,oa,TRUE
133349,slr,NA
133349,sst,TRUE
133350,oa,TRUE
133350,slr,NA
133350,sst,TRUE
133351,oa,TRUE
133351,slr,NA
133351,sst,TRUE
133352,oa,TRUE
133352,slr,NA
133352,sst,TRUE
133353,oa,TRUE
133353,slr,NA
133353,sst,TRUE
133354,oa,TRUE
133354,slr,NA
133354,sst,TRUE
133355,oa,TRUE
133355,slr,NA
133355,sst,TRUE
133356,oa,TRUE
133356,slr,NA
133356,sst,TRUE
133357,oa,TRUE
133357,slr,NA
133357,sst,TRUE
133358,oa,TRUE
133358,slr,NA
133358,sst,TRUE
133359,oa,TRUE
133359,slr,NA
133359,sst,TRUE
133360,oa,TRUE
133360,slr,NA
133360,sst,TRUE
133361,oa,TRUE
133361,slr,NA
133361,sst,TRUE
133362,oa,TRUE
133362,slr,NA
133362,sst,TRUE
133363,oa,TRUE
133363,slr,NA
133363,sst,TRUE
133364,oa,TRUE
133364,slr,NA
133364,sst,TRUE
133365,oa,TRUE
133365,slr,NA
133365,sst,TRUE
133366,oa,TRUE
133366,slr,NA
133366,sst,TRUE
133367,oa,TRUE
133367,slr,NA
133367,sst,TRUE
133368,oa,TRUE
133368,slr,NA
133368,sst,TRUE
133369,oa,TRUE
133369,slr,NA
133369,sst,TRUE
133370,oa,TRUE
133370,slr,NA
133370,sst,TRUE
133371,oa,TRUE
133371,slr,NA
133371,sst,TRUE
133372,oa,TRUE
133372,slr,NA
133372,sst,TRUE
133373,oa,TRUE
133373,slr,NA
133373,sst,TRUE
133374,oa,TRUE
133374,slr,NA
133374,sst,TRUE
133375,oa,TRUE
133375,slr,NA
133375,sst,TRUE
133376,oa,TRUE
133376,slr,NA
133376,sst,TRUE
133377,oa,TRUE
133377,slr,NA
133377,sst,TRUE
133378,oa,TRUE
133378,slr,NA
133378,sst,TRUE
133379,oa,TRUE
133379,slr,NA
133379,sst,TRUE
133380,oa,TRUE
133380,slr,NA
133380,sst,TRUE
133381,oa,TRUE
133381,slr,NA
133381,sst,TRUE
133382,oa,TRUE
133382,slr,NA
133382,sst,TRUE
133383,oa,TRUE
133383,slr,NA
133383,sst,TRUE
133384,oa,TRUE
133384,slr,NA
133384,sst,TRUE
133385,oa,TRUE
133385,slr,NA
133385,sst,TRUE
133386,oa,TRUE
133386,slr,NA
133386,sst,TRUE
133387,oa,TRUE
133387,slr,NA
133387,sst,TRUE
133388,oa,TRUE
133388,slr,NA
133388,sst,TRUE
133389,oa,TRUE
133389,slr,NA
133389,sst,TRUE
133390,oa,TRUE
133390,slr,NA
133390,sst,TRUE
133391,oa,TRUE
133391,slr,NA
133391,sst,TRUE
133392,oa,TRUE
133392,slr,NA
133392,sst,TRUE
133393,oa,TRUE
133393,slr,NA
133393,sst,TRUE
133394,oa,TRUE
133394,slr,NA
133394,sst,TRUE
133395,oa,TRUE
133395,slr,NA
133395,sst,TRUE
133396,oa,TRUE
133396,slr,NA
133396,sst,TRUE
133397,oa,TRUE
133397,slr,NA
133397,sst,TRUE
133398,oa,TRUE
133398,slr,NA
133398,sst,TRUE
133399,oa,TRUE
133399,slr,NA
133399,sst,TRUE
133400,oa,TRUE
133400,slr,NA
133400,sst,TRUE
133401,oa,TRUE
133401,slr,NA
133401,sst,TRUE
133402,oa,TRUE
133402,slr,NA
133402,sst,TRUE
133403,oa,TRUE
133403,slr,NA
133403,sst,TRUE
133404,oa,TRUE
133404,slr,NA
133404,sst,TRUE
133405,oa,TRUE
133405,slr,NA
133405,sst,TRUE
133406,oa,TRUE
133406,slr,NA
133406,sst,TRUE
133407,oa,TRUE
133407,slr,NA
133407,sst,TRUE
133408,oa,TRUE
133408,slr,NA
133408,sst,TRUE
133409,oa,TRUE
133409,slr,NA
133409,sst,TRUE
133410,oa,TRUE
133410,slr,NA
133410,sst,TRUE
133411,oa,TRUE
133411,slr,NA
133411,sst,TRUE
133412,oa,TRUE
133412,slr,NA
133412,sst,TRUE
133413,oa,TRUE
133413,slr,NA
133413,sst,TRUE
133414,oa,TRUE
133414,slr,NA
133414,sst,TRUE
133415,oa,TRUE
133415,slr,NA
133415,sst,TRUE
133416,oa,TRUE
133416,slr,NA
133416,sst,TRUE
133417,oa,TRUE
133417,slr,NA
133417,sst,TRUE
133418,oa,TRUE
133418,slr,NA
133418,sst,TRUE
133419,oa,TRUE
133419,slr,NA
133419,sst,TRUE
133420,oa,TRUE
133420,slr,NA
133420,sst,TRUE
133421,oa,TRUE
133421,slr,NA
133421,sst,TRUE
133422,oa,TRUE
133422,slr,NA
133422,sst,TRUE
133423,oa,TRUE
133423,slr,NA
133423,sst,TRUE
133424,oa,TRUE
133424,slr,NA
133424,sst,TRUE
133425,oa,TRUE
133425,slr,NA
133425,sst,TRUE
133426,oa,TRUE
133426,slr,NA
133426,sst,TRUE
133427,oa,TRUE
133427,slr,NA
133427,sst,TRUE
133428,oa,TRUE
133428,slr,NA
133428,sst,TRUE
133429,oa,TRUE
133429,slr,NA
133429,sst,TRUE
133430,oa,TRUE
133430,slr,NA
133430,sst,TRUE
133431,oa,TRUE
133431,slr,NA
133431,sst,TRUE
133432,oa,TRUE
133432,slr,NA
133432,sst,TRUE
133433,oa,TRUE
133433,slr,NA
133433,sst,TRUE
133434,oa,TRUE
133434,slr,NA
133434,sst,TRUE
133435,oa,TRUE
133435,slr,NA
133435,sst,TRUE
133436,oa,TRUE
133436,slr,NA
133436,sst,TRUE
133437,oa,TRUE
133437,slr,NA
133437,sst,TRUE
133438,oa,TRUE
133438,slr,NA
133438,sst,TRUE
133439,oa,TRUE
133439,slr,NA
133439,sst,TRUE
133440,oa,TRUE
133440,slr,NA
133440,sst,TRUE
133441,oa,TRUE
133441,slr,NA
133441,sst,TRUE
133442,oa,TRUE
133442,slr,NA
133442,sst,TRUE
133443,oa,TRUE
133443,slr,NA
133443,sst,TRUE
133444,oa,TRUE
133444,slr,NA
133444,sst,TRUE
133445,oa,TRUE
133445,slr,NA
133445,sst,TRUE
133446,oa,TRUE
133446,slr,NA
133446,sst,TRUE
133447,oa,TRUE
133447,slr,NA
133447,sst,TRUE
133448,oa,TRUE
133448,slr,NA
133448,sst,TRUE
133449,oa,TRUE
133449,slr,NA
133449,sst,TRUE
133450,oa,TRUE
133450,slr,NA
133450,sst,TRUE
133451,oa,TRUE
133451,slr,NA
133451,sst,TRUE
133453,oa,TRUE
133453,slr,NA
133453,sst,TRUE
133454,oa,TRUE
133454,slr,NA
133454,sst,TRUE
133455,oa,TRUE
133455,slr,NA
133455,sst,TRUE
133456,oa,TRUE
133456,slr,NA
133456,sst,TRUE
133457,oa,TRUE
133457,slr,NA
133457,sst,TRUE
133458,oa,TRUE
133458,slr,NA
133458,sst,TRUE
133459,oa,TRUE
133459,slr,NA
133459,sst,TRUE
133460,oa,TRUE
133460,slr,NA
133460,sst,TRUE
133461,oa,TRUE
133461,slr,NA
133461,sst,TRUE
133462,oa,TRUE
133462,slr,NA
133462,sst,TRUE
133463,oa,TRUE
133463,slr,NA
133463,sst,TRUE
133464,oa,TRUE
133464,slr,NA
133464,sst,TRUE
133466,oa,TRUE
133466,slr,NA
133466,sst,TRUE
133467,oa,TRUE
133467,slr,NA
133467,sst,TRUE
133468,oa,TRUE
133468,slr,NA
133468,sst,TRUE
133469,oa,TRUE
133469,slr,NA
133469,sst,TRUE
133470,oa,TRUE
133470,slr,NA
133470,sst,TRUE
133471,oa,TRUE
133471,slr,NA
133471,sst,TRUE
133472,oa,TRUE
133472,slr,NA
133472,sst,TRUE
133473,oa,TRUE
133473,slr,NA
133473,sst,TRUE
133474,oa,TRUE
133474,slr,NA
133474,sst,TRUE
133475,oa,TRUE
133475,slr,NA
133475,sst,TRUE
133476,oa,TRUE
133476,slr,NA
133476,sst,TRUE
133477,oa,TRUE
133477,slr,NA
133477,sst,TRUE
133478,oa,TRUE
133478,slr,NA
133478,sst,TRUE
133479,oa,TRUE
133479,slr,NA
133479,sst,TRUE
133480,oa,TRUE
133480,slr,NA
133480,sst,TRUE
133481,oa,TRUE
133481,slr,NA
133481,sst,TRUE
133482,oa,TRUE
133482,slr,NA
133482,sst,TRUE
133483,oa,TRUE
133483,slr,NA
133483,sst,TRUE
133484,oa,TRUE
133484,slr,NA
133484,sst,TRUE
133485,oa,TRUE
133485,slr,NA
133485,sst,TRUE
133486,oa,TRUE
133486,slr,NA
133486,sst,TRUE
133487,oa,TRUE
133487,slr,NA
133487,sst,TRUE
133488,oa,TRUE
133488,slr,NA
133488,sst,TRUE
133489,oa,TRUE
133489,slr,NA
133489,sst,TRUE
133490,oa,TRUE
133490,slr,NA
133490,sst,TRUE
133491,oa,TRUE
133491,slr,NA
133491,sst,TRUE
133492,oa,TRUE
133492,slr,NA
133492,sst,TRUE
133493,oa,TRUE
133493,slr,NA
133493,sst,TRUE
133494,oa,TRUE
133494,slr,NA
133494,sst,TRUE
133495,oa,TRUE
133495,slr,NA
133495,sst,TRUE
133496,oa,TRUE
133496,slr,NA
133496,sst,TRUE
133497,oa,TRUE
133497,slr,NA
133497,sst,TRUE
133498,oa,TRUE
133498,slr,NA
133498,sst,TRUE
133499,oa,TRUE
133499,slr,NA
133499,sst,TRUE
133500,oa,TRUE
133500,slr,NA
133500,sst,TRUE
133501,oa,TRUE
133501,slr,NA
133501,sst,TRUE
133502,oa,TRUE
133502,slr,NA
133502,sst,TRUE
133503,oa,TRUE
133503,slr,NA
133503,sst,TRUE
133504,oa,TRUE
133504,slr,NA
133504,sst,TRUE
133505,oa,TRUE
133505,slr,NA
133505,sst,TRUE
133506,oa,TRUE
133506,slr,NA
133506,sst,TRUE
133507,oa,TRUE
133507,slr,NA
133507,sst,TRUE
133508,oa,TRUE
133508,slr,NA
133508,sst,TRUE
133509,oa,TRUE
133509,slr,NA
133509,sst,TRUE
133510,oa,TRUE
133510,slr,NA
133510,sst,TRUE
133511,oa,FALSE
133511,slr,NA
133511,sst,TRUE
133512,oa,TRUE
133512,slr,NA
133512,sst,NA
133513,oa,TRUE
133513,slr,NA
133513,sst,TRUE
133514,oa,TRUE
133514,slr,NA
133514,sst,TRUE
133515,oa,TRUE
133515,slr,NA
133515,sst,TRUE
133517,oa,TRUE
133517,slr,NA
133517,sst,TRUE
133518,oa,TRUE
133518,slr,NA
133518,sst,TRUE
133519,oa,TRUE
133519,slr,NA
133519,sst,TRUE
133520,oa,TRUE
133520,slr,NA
133520,sst,TRUE
133521,oa,TRUE
133521,slr,NA
133521,sst,TRUE
133522,oa,TRUE
133522,slr,NA
133522,sst,TRUE
133523,oa,TRUE
133523,slr,NA
133523,sst,TRUE
133524,oa,TRUE
133524,slr,NA
133524,sst,TRUE
133525,oa,TRUE
133525,slr,NA
133525,sst,TRUE
133526,oa,TRUE
133526,slr,NA
133526,sst,TRUE
133527,oa,TRUE
133527,slr,NA
133527,sst,TRUE
133528,oa,TRUE
133528,slr,NA
133528,sst,TRUE
133529,oa,TRUE
133529,slr,NA
133529,sst,TRUE
133530,oa,TRUE
133530,slr,NA
133530,sst,TRUE
133531,oa,TRUE
133531,slr,NA
133531,sst,TRUE
133532,oa,TRUE
133532,slr,NA
133532,sst,TRUE
133533,oa,TRUE
133533,slr,NA
133533,sst,TRUE
133534,oa,TRUE
133534,slr,NA
133534,sst,TRUE
133535,oa,TRUE
133535,slr,NA
133535,sst,TRUE
133536,oa,TRUE
133536,slr,NA
133536,sst,TRUE
133537,oa,TRUE
133537,slr,NA
133537,sst,TRUE
133538,oa,TRUE
133538,slr,NA
133538,sst,TRUE
133539,oa,TRUE
133539,slr,NA
133539,sst,TRUE
133540,oa,TRUE
133540,slr,NA
133540,sst,TRUE
133541,oa,TRUE
133541,slr,NA
133541,sst,TRUE
133542,oa,TRUE
133542,slr,NA
133542,sst,TRUE
133543,oa,TRUE
133543,slr,NA
133543,sst,TRUE
133544,oa,TRUE
133544,slr,NA
133544,sst,TRUE
133545,oa,TRUE
133545,slr,NA
133545,sst,TRUE
133546,oa,TRUE
133546,slr,NA
133546,sst,TRUE
133547,oa,TRUE
133547,slr,NA
133547,sst,TRUE
133548,oa,TRUE
133548,slr,NA
133548,sst,TRUE
133549,oa,TRUE
133549,slr,NA
133549,sst,TRUE
133550,oa,TRUE
133550,slr,NA
133550,sst,TRUE
133551,oa,TRUE
133551,slr,NA
133551,sst,TRUE
133552,oa,TRUE
133552,slr,NA
133552,sst,TRUE
133553,oa,TRUE
133553,slr,NA
133553,sst,TRUE
133554,oa,TRUE
133554,slr,NA
133554,sst,TRUE
133555,oa,TRUE
133555,slr,NA
133555,sst,TRUE
133556,oa,TRUE
133556,slr,NA
133556,sst,TRUE
133557,oa,TRUE
133557,slr,NA
133557,sst,TRUE
133558,oa,TRUE
133558,slr,NA
133558,sst,TRUE
133559,oa,TRUE
133559,slr,NA
133559,sst,TRUE
133560,oa,TRUE
133560,slr,NA
133560,sst,TRUE
133561,oa,TRUE
133561,slr,NA
133561,sst,TRUE
133562,oa,TRUE
133562,slr,NA
133562,sst,TRUE
133563,oa,TRUE
133563,slr,NA
133563,sst,TRUE
133564,oa,TRUE
133564,slr,NA
133564,sst,TRUE
133565,oa,TRUE
133565,slr,NA
133565,sst,TRUE
133566,oa,TRUE
133566,slr,NA
133566,sst,TRUE
133567,oa,TRUE
133567,slr,NA
133567,sst,TRUE
133568,oa,TRUE
133568,slr,NA
133568,sst,TRUE
133569,oa,TRUE
133569,slr,NA
133569,sst,TRUE
133570,oa,TRUE
133570,slr,NA
133570,sst,TRUE
133571,oa,TRUE
133571,slr,NA
133571,sst,TRUE
133572,oa,TRUE
133572,slr,NA
133572,sst,TRUE
133573,oa,TRUE
133573,slr,NA
133573,sst,TRUE
133574,oa,TRUE
133574,slr,NA
133574,sst,TRUE
133575,oa,TRUE
133575,slr,NA
133575,sst,TRUE
133576,oa,TRUE
133576,slr,NA
133576,sst,TRUE
133577,oa,TRUE
133577,slr,NA
133577,sst,TRUE
133578,oa,TRUE
133578,slr,NA
133578,sst,TRUE
133579,oa,TRUE
133579,slr,NA
133579,sst,TRUE
133580,oa,TRUE
133580,slr,NA
133580,sst,TRUE
133581,oa,TRUE
133581,slr,NA
133581,sst,TRUE
133582,oa,TRUE
133582,slr,NA
133582,sst,TRUE
133583,oa,TRUE
133583,slr,NA
133583,sst,TRUE
133584,oa,TRUE
133584,slr,NA
133584,sst,TRUE
133585,oa,TRUE
133585,slr,NA
133585,sst,TRUE
133586,oa,TRUE
133586,slr,NA
133586,sst,TRUE
133587,oa,TRUE
133587,slr,NA
133587,sst,TRUE
133588,oa,TRUE
133588,slr,NA
133588,sst,TRUE
133589,oa,TRUE
133589,slr,NA
133589,sst,TRUE
133590,oa,TRUE
133590,slr,NA
133590,sst,TRUE
133591,oa,TRUE
133591,slr,NA
133591,sst,TRUE
133592,oa,TRUE
133592,slr,NA
133592,sst,TRUE
133593,oa,TRUE
133593,slr,NA
133593,sst,TRUE
133594,oa,TRUE
133594,slr,NA
133594,sst,TRUE
133595,oa,TRUE
133595,slr,NA
133595,sst,TRUE
133596,oa,TRUE
133596,slr,NA
133596,sst,TRUE
133597,oa,TRUE
133597,slr,NA
133597,sst,TRUE
133598,oa,TRUE
133598,slr,NA
133598,sst,TRUE
133599,oa,TRUE
133599,slr,NA
133599,sst,TRUE
133600,oa,TRUE
133600,slr,NA
133600,sst,TRUE
133601,oa,TRUE
133601,slr,NA
133601,sst,TRUE
133602,oa,TRUE
133602,slr,NA
133602,sst,TRUE
133603,oa,TRUE
133603,slr,NA
133603,sst,TRUE
133604,oa,TRUE
133604,slr,NA
133604,sst,TRUE
133605,oa,TRUE
133605,slr,NA
133605,sst,TRUE
133606,oa,TRUE
133606,slr,NA
133606,sst,TRUE
133607,oa,TRUE
133607,slr,NA
133607,sst,TRUE
133608,oa,TRUE
133608,slr,NA
133608,sst,TRUE
133609,oa,TRUE
133609,slr,NA
133609,sst,TRUE
133610,oa,TRUE
133610,slr,NA
133610,sst,TRUE
133611,oa,TRUE
133611,slr,NA
133611,sst,TRUE
133612,oa,TRUE
133612,slr,NA
133612,sst,TRUE
133613,oa,TRUE
133613,slr,NA
133613,sst,TRUE
133614,oa,TRUE
133614,slr,NA
133614,sst,TRUE
133615,oa,TRUE
133615,slr,NA
133615,sst,TRUE
133616,oa,TRUE
133616,slr,NA
133616,sst,TRUE
133617,oa,TRUE
133617,slr,NA
133617,sst,TRUE
133618,oa,TRUE
133618,slr,NA
133618,sst,TRUE
133619,oa,TRUE
133619,slr,NA
133619,sst,TRUE
133620,oa,TRUE
133620,slr,NA
133620,sst,TRUE
133621,oa,TRUE
133621,slr,NA
133621,sst,TRUE
133622,oa,TRUE
133622,slr,NA
133622,sst,TRUE
133623,oa,TRUE
133623,slr,NA
133623,sst,TRUE
133624,oa,TRUE
133624,slr,NA
133624,sst,TRUE
133625,oa,TRUE
133625,slr,NA
133625,sst,TRUE
133626,oa,TRUE
133626,slr,NA
133626,sst,TRUE
133627,oa,TRUE
133627,slr,NA
133627,sst,TRUE
133628,oa,TRUE
133628,slr,NA
133628,sst,TRUE
133629,oa,TRUE
133629,slr,NA
133629,sst,TRUE
133630,oa,TRUE
133630,slr,NA
133630,sst,TRUE
133631,oa,TRUE
133631,slr,NA
133631,sst,TRUE
133632,oa,TRUE
133632,slr,NA
133632,sst,TRUE
133633,oa,TRUE
133633,slr,NA
133633,sst,TRUE
133634,oa,TRUE
133634,slr,NA
133634,sst,TRUE
133635,oa,TRUE
133635,slr,NA
133635,sst,TRUE
133636,oa,TRUE
133636,slr,NA
133636,sst,TRUE
133637,oa,TRUE
133637,slr,NA
133637,sst,TRUE
133638,oa,TRUE
133638,slr,NA
133638,sst,TRUE
133639,oa,TRUE
133639,slr,NA
133639,sst,TRUE
133640,oa,TRUE
133640,slr,NA
133640,sst,TRUE
133641,oa,TRUE
133641,slr,NA
133641,sst,TRUE
133642,oa,TRUE
133642,slr,NA
133642,sst,TRUE
133643,oa,TRUE
133643,slr,NA
133643,sst,TRUE
133644,oa,TRUE
133644,slr,NA
133644,sst,TRUE
133645,oa,TRUE
133645,slr,NA
133645,sst,TRUE
133646,oa,TRUE
133646,slr,NA
133646,sst,TRUE
133647,oa,TRUE
133647,slr,NA
133647,sst,TRUE
133648,oa,TRUE
133648,slr,NA
133648,sst,TRUE
133649,oa,TRUE
133649,slr,NA
133649,sst,TRUE
133650,oa,TRUE
133650,slr,NA
133650,sst,TRUE
133652,oa,TRUE
133652,slr,NA
133652,sst,TRUE
133653,oa,TRUE
133653,slr,NA
133653,sst,TRUE
133654,oa,TRUE
133654,slr,NA
133654,sst,TRUE
133655,oa,TRUE
133655,slr,NA
133655,sst,TRUE
133656,oa,TRUE
133656,slr,NA
133656,sst,TRUE
133657,oa,TRUE
133657,slr,NA
133657,sst,TRUE
133658,oa,TRUE
133658,slr,NA
133658,sst,TRUE
133659,oa,TRUE
133659,slr,NA
133659,sst,TRUE
133660,oa,TRUE
133660,slr,NA
133660,sst,TRUE
133661,oa,TRUE
133661,slr,NA
133661,sst,TRUE
133662,oa,TRUE
133662,slr,NA
133662,sst,TRUE
133663,oa,TRUE
133663,slr,NA
133663,sst,TRUE
133664,oa,TRUE
133664,slr,NA
133664,sst,TRUE
133665,oa,TRUE
133665,slr,NA
133665,sst,TRUE
133666,oa,TRUE
133666,slr,NA
133666,sst,TRUE
133667,oa,TRUE
133667,slr,NA
133667,sst,TRUE
133668,oa,TRUE
133668,slr,NA
133668,sst,TRUE
133669,oa,TRUE
133669,slr,NA
133669,sst,TRUE
133670,oa,TRUE
133670,slr,NA
133670,sst,TRUE
133671,oa,TRUE
133671,slr,NA
133671,sst,TRUE
133672,oa,TRUE
133672,slr,NA
133672,sst,TRUE
133673,oa,TRUE
133673,slr,NA
133673,sst,TRUE
133674,oa,TRUE
133674,slr,NA
133674,sst,TRUE
133675,oa,TRUE
133675,slr,NA
133675,sst,TRUE
133676,oa,TRUE
133676,slr,NA
133676,sst,TRUE
133677,oa,TRUE
133677,slr,NA
133677,sst,TRUE
133678,oa,TRUE
133678,slr,NA
133678,sst,TRUE
133679,oa,TRUE
133679,slr,NA
133679,sst,TRUE
133680,oa,TRUE
133680,slr,NA
133680,sst,TRUE
133681,oa,TRUE
133681,slr,NA
133681,sst,TRUE
133682,oa,TRUE
133682,slr,NA
133682,sst,TRUE
133683,oa,TRUE
133683,slr,NA
133683,sst,TRUE
133684,oa,TRUE
133684,slr,NA
133684,sst,TRUE
133685,oa,TRUE
133685,slr,NA
133685,sst,TRUE
133687,oa,TRUE
133687,slr,NA
133687,sst,TRUE
133688,oa,TRUE
133688,slr,NA
133688,sst,TRUE
133689,oa,TRUE
133689,slr,NA
133689,sst,TRUE
133690,oa,TRUE
133690,slr,NA
133690,sst,TRUE
133691,oa,TRUE
133691,slr,NA
133691,sst,TRUE
133692,oa,TRUE
133692,slr,NA
133692,sst,TRUE
133693,oa,TRUE
133693,slr,NA
133693,sst,TRUE
133694,oa,TRUE
133694,slr,NA
133694,sst,TRUE
133695,oa,TRUE
133695,slr,NA
133695,sst,TRUE
133696,oa,TRUE
133696,slr,NA
133696,sst,TRUE
133697,oa,TRUE
133697,slr,NA
133697,sst,TRUE
133698,oa,TRUE
133698,slr,NA
133698,sst,TRUE
133699,oa,TRUE
133699,slr,NA
133699,sst,TRUE
133700,oa,TRUE
133700,slr,NA
133700,sst,TRUE
133701,oa,TRUE
133701,slr,NA
133701,sst,TRUE
133702,oa,TRUE
133702,slr,NA
133702,sst,TRUE
133703,oa,TRUE
133703,slr,NA
133703,sst,TRUE
136315,oa,FALSE
136315,slr,NA
136315,sst,TRUE
169015,oa,FALSE
169015,slr,TRUE
169015,sst,FALSE
169676,oa,FALSE
169676,slr,NA
169676,sst,TRUE
170063,oa,FALSE
170063,slr,NA
170063,sst,NA
173327,oa,FALSE
173327,slr,NA
173327,sst,TRUE
173331,oa,FALSE
173331,slr,FALSE
173331,sst,FALSE
173364,oa,FALSE
173364,slr,NA
173364,sst,FALSE
173384,oa,FALSE
173384,slr,NA
173384,sst,FALSE
176704,oa,FALSE
176704,slr,NA
176704,sst,FALSE
176706,oa,FALSE
176706,slr,NA
176706,sst,NA
176714,oa,FALSE
176714,slr,NA
176714,sst,TRUE
176720,oa,FALSE
176720,slr,NA
176720,sst,NA
176721,oa,FALSE
176721,slr,FALSE
176721,sst,FALSE
176725,oa,FALSE
176725,slr,FALSE
176725,sst,FALSE
176736,oa,FALSE
176736,slr,FALSE
176736,sst,FALSE
176739,oa,FALSE
176739,slr,NA
176739,sst,FALSE
176740,oa,FALSE
176740,slr,FALSE
176740,sst,FALSE
176742,oa,FALSE
176742,slr,NA
176742,sst,FALSE
176743,oa,FALSE
176743,slr,NA
176743,sst,FALSE
176748,oa,FALSE
176748,slr,NA
176748,sst,FALSE
176750,oa,FALSE
176750,slr,NA
176750,sst,NA
176763,oa,FALSE
176763,slr,NA
176763,sst,TRUE
176770,oa,FALSE
176770,slr,NA
176770,sst,TRUE
176771,oa,FALSE
176771,slr,FALSE
176771,sst,FALSE
178796,oa,FALSE
178796,slr,TRUE
178796,sst,FALSE
178797,oa,FALSE
178797,slr,TRUE
178797,sst,FALSE
178798,oa,FALSE
178798,slr,TRUE
178798,sst,FALSE
178799,oa,FALSE
178799,slr,TRUE
178799,sst,FALSE
178800,oa,FALSE
178800,slr,TRUE
178800,sst,FALSE
178801,oa,FALSE
178801,slr,TRUE
178801,sst,FALSE
178802,oa,FALSE
178802,slr,TRUE
178802,sst,FALSE
178803,oa,FALSE
178803,slr,TRUE
178803,sst,FALSE
178804,oa,FALSE
178804,slr,TRUE
178804,sst,FALSE
178805,oa,FALSE
178805,slr,TRUE
178805,sst,FALSE
178806,oa,FALSE
178806,slr,TRUE
178806,sst,FALSE
178807,oa,FALSE
178807,slr,TRUE
178807,sst,FALSE
178808,oa,FALSE
178808,slr,TRUE
178808,sst,FALSE
178809,oa,FALSE
178809,slr,TRUE
178809,sst,FALSE
178811,oa,FALSE
178811,slr,TRUE
178811,sst,FALSE
178812,oa,FALSE
178812,slr,TRUE
178812,sst,FALSE
178814,oa,FALSE
178814,slr,TRUE
178814,sst,FALSE
178815,oa,FALSE
178815,slr,TRUE
178815,sst,FALSE
178816,oa,FALSE
178816,slr,TRUE
178816,sst,FALSE
178817,oa,FALSE
178817,slr,TRUE
178817,sst,FALSE
178818,oa,FALSE
178818,slr,TRUE
178818,sst,FALSE
178819,oa,FALSE
178819,slr,TRUE
178819,sst,FALSE
178820,oa,FALSE
178820,slr,TRUE
178820,sst,FALSE
178821,oa,FALSE
178821,slr,TRUE
178821,sst,FALSE
178822,oa,FALSE
178822,slr,TRUE
178822,sst,FALSE
178823,oa,FALSE
178823,slr,TRUE
178823,sst,FALSE
178824,oa,FALSE
178824,slr,TRUE
178824,sst,FALSE
178825,oa,FALSE
178825,slr,TRUE
178825,sst,FALSE
178826,oa,FALSE
178826,slr,TRUE
178826,sst,FALSE
178827,oa,FALSE
178827,slr,TRUE
178827,sst,FALSE
178828,oa,FALSE
178828,slr,TRUE
178828,sst,FALSE
178829,oa,FALSE
178829,slr,TRUE
178829,sst,FALSE
178830,oa,FALSE
178830,slr,TRUE
178830,sst,FALSE
178831,oa,FALSE
178831,slr,TRUE
178831,sst,FALSE
178832,oa,FALSE
178832,slr,TRUE
178832,sst,FALSE
178833,oa,FALSE
178833,slr,TRUE
178833,sst,FALSE
178834,oa,FALSE
178834,slr,TRUE
178834,sst,FALSE
178835,oa,FALSE
178835,slr,TRUE
178835,sst,FALSE
178836,oa,FALSE
178836,slr,TRUE
178836,sst,FALSE
178837,oa,FALSE
178837,slr,TRUE
178837,sst,FALSE
178838,oa,FALSE
178838,slr,TRUE
178838,sst,FALSE
178839,oa,FALSE
178839,slr,TRUE
178839,sst,FALSE
178840,oa,FALSE
178840,slr,TRUE
178840,sst,FALSE
178841,oa,FALSE
178841,slr,TRUE
178841,sst,FALSE
178842,oa,FALSE
178842,slr,TRUE
178842,sst,FALSE
178843,oa,FALSE
178843,slr,TRUE
178843,sst,FALSE
178844,oa,FALSE
178844,slr,TRUE
178844,sst,FALSE
178845,oa,FALSE
178845,slr,TRUE
178845,sst,FALSE
178846,oa,FALSE
178846,slr,TRUE
178846,sst,FALSE
178847,oa,FALSE
178847,slr,TRUE
178847,sst,FALSE
178848,oa,FALSE
178848,slr,TRUE
178848,sst,FALSE
178849,oa,FALSE
178849,slr,TRUE
178849,sst,FALSE
178850,oa,FALSE
178850,slr,TRUE
178850,sst,FALSE
178851,oa,FALSE
178851,slr,TRUE
178851,sst,FALSE
178852,oa,FALSE
178852,slr,TRUE
178852,sst,FALSE
178853,oa,FALSE
178853,slr,TRUE
178853,sst,FALSE
178854,oa,FALSE
178854,slr,TRUE
178854,sst,FALSE
178855,oa,FALSE
178855,slr,TRUE
178855,sst,FALSE
178856,oa,FALSE
178856,slr,TRUE
178856,sst,FALSE
178857,oa,FALSE
178857,slr,TRUE
178857,sst,FALSE
178858,oa,FALSE
178858,slr,TRUE
178858,sst,FALSE
194303,oa,FALSE
194303,slr,FALSE
194303,sst,FALSE
195319,oa,FALSE
195319,slr,NA
195319,sst,FALSE
22680398,oa,TRUE
22680398,slr,NA
22680398,sst,FALSE
22680409,oa,FALSE
22680409,slr,NA
22680409,sst,FALSE
22680412,oa,TRUE
22680412,slr,NA
22680412,sst,FALSE
22680427,oa,FALSE
22680427,slr,NA
22680427,sst,FALSE
22680441,oa,TRUE
22680441,slr,NA
22680441,sst,FALSE
22693158,oa,FALSE
22693158,slr,FALSE
22693158,sst,FALSE
22693182,oa,FALSE
22693182,slr,FALSE
22693182,sst,FALSE
22693363,oa,FALSE
22693363,slr,FALSE
22693363,sst,FALSE
22693490,oa,FALSE
22693490,slr,FALSE
22693490,sst,TRUE
22694502,oa,FALSE
22694502,slr,FALSE
22694502,sst,TRUE
22694552,oa,FALSE
22694552,slr,NA
22694552,sst,TRUE
22694629,oa,FALSE
22694629,slr,FALSE
22694629,sst,FALSE
22694656,oa,FALSE
22694656,slr,FALSE
22694656,sst,FALSE
22694666,oa,FALSE
22694666,slr,FALSE
22694666,sst,FALSE
22694740,oa,FALSE
22694740,slr,FALSE
22694740,sst,TRUE
22694837,oa,FALSE
22694837,slr,FALSE
22694837,sst,FALSE
22694841,oa,FALSE
22694841,slr,NA
22694841,sst,TRUE
22694847,oa,FALSE
22694847,slr,FALSE
22694847,sst,TRUE
22694852,oa,FALSE
22694852,slr,NA
22694852,sst,TRUE
22694896,oa,FALSE
22694896,slr,NA
22694896,sst,TRUE
22694924,oa,FALSE
22694924,slr,NA
22694924,sst,TRUE
22694927,oa,FALSE
22694927,slr,NA
22694927,sst,TRUE
22694934,oa,FALSE
22694934,slr,NA
22694934,sst,TRUE
22696610,oa,FALSE
22696610,slr,NA
22696610,sst,NA
22696649,oa,FALSE
22696649,slr,NA
22696649,sst,FALSE
22696861,oa,FALSE
22696861,slr,FALSE
22696861,sst,FALSE
22696876,oa,FALSE
22696876,slr,FALSE
22696876,sst,FALSE
22696898,oa,FALSE
22696898,slr,NA
22696898,sst,TRUE
22697702,oa,FALSE
22697702,slr,FALSE
22697702,sst,FALSE
22697742,oa,FALSE
22697742,slr,NA
22697742,sst,FALSE
22697748,oa,FALSE
22697748,slr,NA
22697748,sst,FALSE
22697752,oa,FALSE
22697752,slr,FALSE
22697752,sst,TRUE
22697758,oa,FALSE
22697758,slr,FALSE
22697758,sst,TRUE
22697800,oa,FALSE
22697800,slr,NA
22697800,sst,TRUE
22697935,oa,FALSE
22697935,slr,NA
22697935,sst,FALSE
22697967,oa,FALSE
22697967,slr,TRUE
22697967,sst,FALSE
22698012,oa,FALSE
22698012,slr,NA
22698012,sst,FALSE
22698039,oa,FALSE
22698039,slr,NA
22698039,sst,FALSE
22698088,oa,FALSE
22698088,slr,FALSE
22698088,sst,FALSE
22698175,oa,FALSE
22698175,slr,FALSE
22698175,sst,TRUE
22698235,oa,FALSE
22698235,slr,NA
22698235,sst,FALSE
22698280,oa,FALSE
22698280,slr,NA
22698280,sst,TRUE
22698365,oa,FALSE
22698365,slr,TRUE
22698365,sst,FALSE
22698375,oa,FALSE
22698375,slr,FALSE
22698375,sst,TRUE
22698398,oa,FALSE
22698398,slr,NA
22698398,sst,TRUE
22698557,oa,FALSE
22698557,slr,NA
22698557,sst,TRUE
22724836,oa,TRUE
22724836,slr,NA
22724836,sst,FALSE
22724845,oa,FALSE
22724845,slr,NA
22724845,sst,FALSE
22724879,oa,TRUE
22724879,slr,NA
22724879,sst,FALSE
22728442,oa,FALSE
22728442,slr,NA
22728442,sst,FALSE
22732425,oa,TRUE
22732425,slr,NA
22732425,sst,FALSE
22733462,oa,FALSE
22733462,slr,TRUE
22733462,sst,FALSE
22734194,oa,FALSE
22734194,slr,NA
22734194,sst,FALSE
22734408,oa,FALSE
22734408,slr,FALSE
22734408,sst,TRUE
22735250,oa,FALSE
22735250,slr,FALSE
22735250,sst,TRUE
46967817,oa,FALSE
46967817,slr,NA
46967817,sst,FALSE
62101215,oa,FALSE
62101215,slr,NA
62101215,sst,TRUE
62101249,oa,FALSE
62101249,slr,FALSE
62101249,sst,TRUE
62289271,oa,FALSE
62289271,slr,FALSE
62289271,sst,FALSE
83776383,oa,FALSE
83776383,slr,NA
83776383,sst,FALSE
84131194,oa,FALSE
84131194,slr,TRUE
84131194,sst,FALSE
84156809,oa,FALSE
84156809,slr,NA
84156809,sst,TRUE
